网格名字,顶点数,面数,子网格数,网格压缩,Read/Write
000,12478,10132,3,Off,True,p_map_main_laboratory_night
000,12432,10114,3,Off,True,p_map_main_laboratory
001,785,504,2,Off,True,p_map_main_laboratory
002,5319,3024,2,Off,True,p_map_main_laboratory
002,5562,3088,2,Off,True,p_map_main_laboratory_night
003,38,20,2,Off,True,p_map_main_laboratory
003,540,302,2,Off,True,p_map_main_laboratory_night
004,195,133,1,Off,True,p_map_main_laboratory_night
004,4,2,1,Off,True,p_map_main_landingfield
004,17,16,1,Off,True,p_map_main_laboratory
005,2761,1588,3,Off,True,p_map_main_laboratory
005,2763,1588,3,Off,True,p_map_main_laboratory_night
006,3264,2158,4,Off,True,p_map_main_laboratory
006,4247,2184,4,Off,True,p_map_main_laboratory_night
008,4600,3752,2,Off,True,p_map_main_laboratory
008,4624,3844,2,Off,True,p_map_main_laboratory_night
009,1020,613,2,Off,True,p_map_main_laboratory_night
1,12,8,1,Off,True,eff_ui_main_demo_stance01_off,eff_ui_main_demo_stance_on,embattleposeffect
1,80,84,1,Off,True,p_map_main_equipmentevolution
1,4,2,1,Off,True,p_map_main_landingfield
100,29191,22597,4,Off,True,p_map_main_pool
101,589,894,1,Off,True,p_map_main_pool
102,178,174,1,Off,True,p_map_main_pool
103,180,132,2,Off,True,p_map_main_pool
104,76,65,1,Off,True,p_map_main_pool
105,499,720,1,Off,True,p_map_main_pool
108,4,2,1,Off,True,p_map_main_pool
2,4,2,1,Off,True,p_map_main_landingfield
2,4,2,1,Off,True,p_map_main_demo_ribbon01,p_map_main_fightingarena
3,4,2,1,Off,True,p_map_main_landingfield
Alpha,1291,730,1,Off,True,p_map_main_chinatown
Alpha,152,76,1,Off,True,p_map_main_bar
Ayane_Hands,1653,2172,1,Off,True,i_ayanekuwu_01
Ayane_Hands,11775,15530,1,Off,True,i_ayanehands_01
BOSS_Lighting,20,10,1,Off,True,p_map_main_conference
Blue,46,50,1,Off,True,p_map_main_coastalvillage
Bluer,36,44,1,Off,True,p_map_main_pool_bluer,p_map_main_pool_null
Box001,16,8,1,Off,True,eff_kai_02
Box001,62,56,1,Off,True,eff_addren_01,kong
Box001,24,12,1,Off,True,eff_alpha_152_minskill,eff_alpha_152_pose,eff_alpha_152_uniqueskills
Box006,1421,1188,1,Off,True,s_map_main_poolinterface_swing
Box01,1535,2122,1,Off,True,eff_momiji_uniqueskills_dlc_01
Box01,1449,2010,1,Off,True,p_map_main_dartactivities
Box04,48,24,1,Off,True,p_map_main_ship
BradWong,3380,4126,1,Off,True,eff_bradwong_pose
BradWong,172,209,1,Off,True,eff_bradwong_minskill,eff_bradwong_uniqueskills
Car,6154,5269,1,Off,True,p_map_main_towerbridge
Chest01,264,256,1,Off,True,kaidong_01,star_xiang_01,xiang1
Church,24672,12819,1,Off,True,p_map_main_russia_maininterface
Cloud,25,32,1,Off,True,p_map_main_landingfield
Cone001,8,8,1,Off,True,eff_kai_02
Cone001,125,192,1,Off,True,levelbox
Cone001,80,120,1,Off,True,eff_alpha_152_uniqueskills,eff_honoka_uniqueskills,eff_honoka_uniqueskills_dlc01
Cone001,40,54,1,Off,True,eff_honoka_uniqueskills,eff_honoka_uniqueskills_dlc01
Cy02_lvxi,284,144,1,Off,True,eff_ein_minskill,eff_ein_uniqueskills,eff_marierose_uniqueskills
Cylinder001,78,100,1,Off,True,eff_ryuhayabusa_uniqueskills
Cylinder001,95,144,1,Off,True,eff_bass_pose,eff_helenab_01_uniqueskills,eff_momiji_uniqueskills_dlc_01
Cylinder001,51,64,1,Off,True,eff_ryuhayabusa_uniqueskills
Cylinder001,32,42,1,Off,True,m_machine_01,p_gold_transcript_01
Cylinder001,6,4,1,Off,True,eff_ui_uiteamflairpopup2prefab_shengji,uiteamflairpopup2prefab
Cylinder001,38,36,1,Off,True,eff_map_fangshe,p_map_main_landingfield
Cylinder001,90,144,1,Off,True,eff_ninjia_jumpwater01,eff_ninjia_jumpwater02,eff_pool_water,eff_ycpd_juese_luoshui,eff_ycpd_juese_luoshui_2,p_map_main_cabin
Cylinder001,36,50,1,Off,True,eff_ui_uiwustudynew_juese_one_cn,eff_ui_uiwustudynew_juese_ten_cn
Cylinder001,56,72,1,Off,True,eff_hayate_pose,eff_hayateb_pose
Cylinder001,36,50,1,Off,True,eff_ui_ty_gezixuanzhong
Cylinder001,114,180,1,Off,True,eff_ui_zhangjie_clearance_02,m_machine_01,p_gold_transcript_01
Cylinder001,90,144,1,Off,True,eff_ninjia_jumpwater01,eff_ninjia_jumpwater02,eff_pool_water,eff_ycpd_juese_luoshui,eff_ycpd_juese_luoshui_2,p_map_main_cabin
Cylinder001,1720,3276,1,Off,True,p_map_main_landingfield
Cylinder001,30,40,1,Off,True,eff_ycpd_fangkuai_shuihua
Cylinder001,90,144,1,Off,True,eff_pool_water,eff_ycpd_juese_luoshui,eff_ycpd_juese_luoshui_2,p_map_main_cabin
Cylinder003,44,32,1,Off,True,p_map_main_bar
Cylinder004,570,936,2,Off,True,eff_nyotengu_uniqueskills
Cylinder01,29,17,1,Off,True,p_map_main_dwa
DOOR_01,34,16,2,Off,True,p_main_map_dailyhigher_pata01
DOOR_02,34,16,2,Off,True,p_main_map_dailyhigher_pata01
DamageNumMesh,36,18,1,Off,True,damagenum
Diamond,170,64,1,Off,True,diamond,eff_ycpd_fangkuai_zuanshi,s_diamond
Eaves,96,58,1,Off,True,p_map_main_ninjia
Exp_machine_01,9454,8310,4,Off,True,m_machine_01
Fan,613,296,1,Off,True,p_map_main_bar
Fan,613,296,1,Off,True,p_map_main_bar
Fence,4072,2150,1,Off,True,p_map_main_ninjia
Finger,8,4,1,Off,True,p_map_main_coastalvillage
Fire01_Plane,28,14,1,Off,True,p_map_main_dwa
GeoSphere001,108,160,1,Off,True,eff_buff_gedang,eff_hitomi_pose,eff_uidailytrainingprefab_hit2
GeoSphere001,614,576,1,Off,True,eff_shield
GeoSphere001,84,50,1,Off,True,eff_buff_leader_fangyu,eff_powerdefense
GeoSphere001,101,160,1,Off,True,eff_alpha_152_uniqueskills,eff_buff_gedang,eff_uidailytrainingprefab_hit2
GeoSphere002,146,86,1,Off,True,eff_powerdefense
Grass,32,26,1,Off,True,p_map_main_russia_maininterface
Grass,281,429,1,Off,True,p_map_main_mountaintemple
Green,36,44,1,Off,True,p_map_main_pool_green
Ground,27,32,1,Off,True,p_map_main_russia_maininterface
Ground,817,435,2,Off,True,p_map_main_chinatown
Ground01,7014,3288,1,Off,True,p_map_main_cliff
Ground01,120,86,1,Off,True,p_map_main_castle
Ground01,195,266,1,Off,True,p_map_main_ninjia
Ground02,49,42,1,Off,True,p_map_main_castle
Ground02,4,2,1,Off,True,p_map_main_ninjia
Ground03,2588,1354,1,Off,True,p_map_main_castle
Ground03,18,12,1,Off,True,p_map_main_ninjia
Ground04,14,16,1,Off,True,p_map_main_ninjia
Ground05,39,48,1,Off,True,p_map_main_ninjia
Helix001,92,90,1,Off,True,eff_buff_leader_fangyu,eff_buff_leader_gongji,eff_janlee_pose,eff_janlee_uniqueskills,eff_jiying_4,eff_phase4_pose
Helix001,102,100,1,Off,True,eff_helena_pose,eff_helena_pose_dlc_02
Helix001,52,50,1,Off,True,eff_helena_pose,eff_helena_pose_dlc_02,eff_nyotengu_uniqueskills,eff_tina_pose,eff_tina_uniqueskills,eff_zack_minskill,eff_zack_uniqueskills
Helix001,98,96,1,Off,True,eff_ayane_minskill,eff_genfu_minskill,eff_genfu_uniqueskills,eff_helenab_01_pose,eff_mariposab_01_pose,eff_mariposab_01_uniqueskills,eff_ryuhayabusa_uniqueskills,eff_tina_uniqueskills,eff_zack_uniqueskills
Helix001,62,60,1,Off,True,eff_raidou_uniqueskills,eff_raidou_uniqueskills_dlc_01
Helix001,62,60,1,Off,True,eff_janlee_uniqueskills,eff_kasumib_victory
Helix001,88,86,1,Off,True,eff_ayane_minskill,eff_ayane_pose,eff_genfu_uniqueskills,eff_helena_uniqueskills,eff_helena_uniqueskills_dlc_02,eff_phase4_pose,eff_rachel_pose
Hero_ShadowPlane,4,2,1,Off,True,p_map_main_demo_arenamaininterface,p_map_main_japaninterface,p_map_main_landingfield,p_map_main_poolinterface,p_map_main_russia_maininterface,uistarstonetask
Hill,330,466,1,Off,True,p_map_main_ninjia
KEEP OUT,48,40,1,Off,True,p_main_map_dailyhigher_pata01,p_main_map_dailyhigher_pata02
KEEP OUT_01,48,40,1,Off,True,p_main_map_dailyhigher_pata01,p_main_map_dailyhigher_pata02
LIGHT,50,30,1,Off,True,p_map_main_demo_arenamaininterface
LIGHT,5,3,1,Off,True,p_map_main_dwa
LOTUS,918,854,1,Off,True,p_map_main_cabin
Light,66,41,1,Off,True,p_map_main_bar
Light,50,30,1,Off,True,p_map_main_ladder
Light,1310,738,1,Off,True,p_map_main_chinatown
Light01,20,10,1,Off,True,p_map_main_chinatown
Light02,40,20,1,Off,True,p_map_main_chinatown
Light03,32,16,1,Off,True,p_map_main_chinatown
Light_000,580,204,1,Off,True,p_map_main_laboratory
Light_001,464,164,1,Off,True,p_map_main_laboratory
Light_002,596,208,1,Off,True,p_map_main_laboratory
Light_003,84,42,1,Off,True,p_map_main_laboratory
Light_004,76,38,1,Off,True,p_map_main_laboratory
Light_005,52,26,1,Off,True,p_map_main_laboratory
Loft001,71,68,1,Off,True,eff_uibeachlifesmallgame_kp
Loft001,51,64,1,Off,True,eff_ui_chouka_2,eff_ui_chouka_3,eff_ui_chouka_4
Loft001,76,72,1,Off,True,eff_helenab_01_minskill,eff_helenab_01_uniqueskills
Loft002,48,60,1,Off,True,eff_ryuhayabusa_uniqueskills,eff_tina_uniqueskills
Loft002,64,60,1,Off,True,eff_mariposab_01_minskill
Loft002,76,72,1,Off,True,eff_ryuhayabusa_minskill,eff_ryuhayabusa_uniqueskills
Loft004,96,120,1,Off,True,eff_mariposab_01_minskill
M012,1422,2091,1,Off,True,p_map_main_arena
M012,1422,2091,1,Off,True,p_map_main_arena
Map_Main_Mountain_1,341,169,1,Off,True,p_map_main_mountain
Map_Main_Mountain_2,6003,4491,1,Off,True,p_map_main_mountain
Map_Main_Mountain_3,1397,834,1,Off,True,p_map_main_mountain
Map_Main_Mountain_4,3432,1786,2,Off,True,p_map_main_mountain
Map_Main_Mountain_4_4,24,12,1,Off,True,p_map_main_mountain
Map_Main_Mountain_5,4711,2415,1,Off,True,p_map_main_mountain
Map_Main_Mountain_6,29778,16663,2,Off,True,p_map_main_mountain
Map_Main_Mountain_8,5032,3101,1,Off,True,p_map_main_mountain
Map_Main_Mountain_9_01,70,42,1,Off,True,p_map_main_mountain
Map_Main_Mountain_9_1,80,40,1,Off,True,p_map_main_mountain
Map_Main_Mountain_9_2,157,93,1,Off,True,p_map_main_mountain
Map_Main_Mountain_9_3,7157,2658,1,Off,True,p_map_main_mountain
Map_Main_Mountain_9_4,60,30,1,Off,True,p_map_main_mountain
Map_Main_demo_Audience02,72,36,1,Off,True,p_map_main_fightingarena
Map_Main_demo_Light,20,10,1,Off,True,p_map_main_fightingarena
Map_Main_demo_Light03,12,6,1,Off,True,p_map_main_fightingarena
Map_Main_demo_Light04,16,8,1,Off,True,p_map_main_fightingarena
Metal,4195,2121,1,Off,True,p_map_main_bar
Metal,9639,5201,1,Off,True,p_map_main_chinatown
Millet,192,144,1,Off,True,p_map_main_japaninterface
Muji,781,1034,1,Off,True,p_map_main_cliff,p_map_main_courtyard,p_map_main_ninjia
Object001,238,194,1,Off,True,p_map_main_mountain
Object003,152,142,1,Off,True,kaidong_01,star_xiang_01,xiang1
Object007,873,824,1,Off,True,q_rose_2
Object01,32,16,1,Off,True,p_map_main_dwa
Object01,4,2,1,Off,True,p_map_main_pool
Object013,734,800,1,Off,True,guanxiang_01,kaidong_02,star_xiang_02,star_xiang_03,xiang2
Object014,222,258,1,Off,True,guanxiang_01,kaidong_02,star_xiang_02,star_xiang_03,xiang2
Object014,1085,1602,1,Off,True,p_map_main_pool
Object016,232,210,1,Off,True,kaidong_03,xiang3
Object017,266,280,1,Off,True,kaidong_03,xiang3
Object02,4,2,1,Off,True,p_map_main_pool
Object02,32,16,1,Off,True,p_map_main_dwa
Object03,1112,682,1,Off,True,p_map_main_pool
Object04,144,72,1,Off,True,s_main_map_dailyhigher_pata_prize,trialprize
Object05,80,112,1,Off,True,p_map_main_conference
Object06,16,8,1,Off,True,p_map_main_fightingarena
Object07,80,44,1,Off,True,s_main_map_dailyhigher_pata_prize,trialprize
Object08,144,72,1,Off,True,s_main_map_dailyhigher_pata_prize,trialprize
Object09,80,44,1,Off,True,s_main_map_dailyhigher_pata_prize,trialprize
Object102,169,142,2,Off,True,p_map_main_bar
Object215,64,64,1,Off,True,p_map_main_bar
P_Main_Map_DailyHigher_pata02_DOOR02,64,52,1,Off,True,p_main_map_dailyhigher_pata02
Pedestal,1195,548,1,Off,True,p_main_map_dailyhigher_pata_pedestal
Plane001,33,40,1,Off,True,eff_ui_uiwustudynew_juese_one_cn,eff_ui_uiwustudynew_juese_ten_cn
Plane001,25,32,1,Off,True,eff_ui_skill_beijing,uigoldprefab,uilevelopenprefab,uiupgradeprefab
Plane001,20,20,1,Off,True,eff_ui_winnerhead_shengji_01
Plane001,25,32,1,Off,True,eff_ui_uiwustudynew_juese_ten_cn,eff_uiwustudy_beijing
Plane001,25,32,1,Off,True,uiacquiregoodsprefab,uiacquiretitleprefab,uiloading6prefab,uirollrandomprefab,uitrialgoodsprefab,uizdsubmenuviewprefab
Plane001,35,48,1,Off,True,eff_genfu_uniqueskills,eff_hayate_uniqueskills,eff_helena_minskill,eff_hitomi_uniqueskills03,eff_nyotengu_hit,eff_nyotengu_minskill,eff_nyotengu_pose
Plane001,66,84,1,Off,True,eff_genfu_uniqueskills,eff_nyotengu_minskill,eff_nyotengu_pose,eff_nyotengu_uniqueskills
Plane001,63,96,1,Off,True,eff_dwa_uidwaapplyprefab_wangge
Plane001,70,96,1,Off,True,eff_ein_minskill,eff_ein_uniqueskills,eff_elliot_minskill,eff_elliot_uniqueskills,eff_hayate_uniqueskills,eff_hitomi_minskill,eff_leifang_minskill,eff_leifang_minskill_dlc01,eff_nyotengu_minskill
Plane001,25,32,1,Off,True,eff_drawcard_nr,eff_drawcard_sr
Plane001,25,32,1,Off,True,eff_cmbo_daoguang2_1
Plane001,25,32,1,Off,True,uilevelopenprefab
Plane001,16,14,1,Off,True,eff_combo
Plane001,32,16,1,Off,True,eff_guildbattle_prompt01,eff_guildbattle_prompt02,eff_guildbattle_prompt03,eff_map_main_camera,eff_map_main_logo,eff_ui_uiloading1prefab_2,eff_ui_uniqueskills,eff_zhandou_guochang,eff_zhandou_guochang2,eff_zhandou_guochang_3,uicombatprefab,uidwacombatprefab,uiloading,uiloading1prefab,uiloading7prefab
Plane001,35,48,1,Off,True,eff_ui_jjc_ty_beijing,eff_ui_skill_beijing,uitrialawardprefab
Plane001,18,16,1,Off,True,eff_marierose_minskill_dlc01,eff_marierose_minskill_dlc02
Plane001,35,48,1,Off,True,eff_mask_zhezha,eff_ui_ty_beibao,eff_ui_ty_gezixuanzhong,eff_ui_uiarena_beijing_01,eff_ui_uiarena_beijing_02,eff_ui_uiarena_beijing_03,eff_ui_uiarena_beijing_04,eff_ui_uiarena_beijing_05,eff_uiequipcultivatechildprefab_juexing,eff_uilevelprefab_9,uiacquiregoodsprefab,uiacquiretitleprefab,uialbumbreakthrough,uialbummodulehero,uiarenaawardprefab,uiarenabattlelogprefab,uiarenaintegralprefab,uiarenarankingchildprefab,uichapterview,uicommondialog,uiequipbuymaterialdialog,uiequipview,uigoodsprefab,uiguildlistprefab,uiguildlotteryranklist,uiguildresearchprefab,uiletterchallengecomplete,uilevelptmopupprefab,uioacandiesexchangecellprefab,uioacandiespopupprefab,uioacandiessendcellprefab,uioacoinexchangecellprefab,uioacoinsendcellprefab,uioadiscountviewprefab,uioafireworksexchangecellprefab,uioafireworkssendcellprefab,uioagoodexchangecellprefab,uioagrowupcellprefab,uioalimiteddiscount,uioarechargecellprefab,uioazongziexchangecellprefab,uioazongzisendcellprefab,uiresourcejumpprefab,uiruleprefab,uisignprefab,uiskillprefab,uitexturequalitychangeprefab,uitournamentawardviewprefab,uitrialawardprefab,uitrialgoodsprefab,uitrialheroframeprefab,uitrialpopup2prefab,uitrialpopupprefab,uitrialrankingchildprefab,uitrialselectdifficultyprefab,uivipprefab,uivitprefab
Plane001,93,120,1,Off,True,eff_momiji_uniqueskills
Plane001,66,34,1,Off,True,eff_map_main_logo
Plane001,4,2,1,Off,True,uioafirstrechargeprefab
Plane001,48,60,1,Off,True,eff_buff_huixue,eff_genfu_uniqueskills,eff_helenab_01_uniqueskills,eff_hitomi_uniqueskills03,eff_nyotengu_minskill,eff_nyotengu_pose,eff_nyotengu_uniqueskills
Plane001,208,300,1,Off,True,eff_rachel_minskill
Plane001,32,30,1,Off,True,eff_bass_pose,eff_bass_uniqueskills,eff_bayman_pose,eff_bradwong_pose,eff_helena_uniqueskills,eff_helena_uniqueskills_dlc_02,eff_helenab_01_uniqueskills,eff_tina_uniqueskills
Plane001,35,48,1,Off,True,eff_bass_uniqueskills,eff_hayate_uniqueskills,eff_hayateb_doubleuniqueskills,eff_hayateb_minskill,eff_hayateb_uniqueskills,eff_momiji_uniqueskills_dlc_01,eff_ui_skill_beijing
Plane001,4,2,1,Off,True,eff_buff_chenmo,eff_buff_fengying,eff_cmbo_daoguang2,eff_cmbo_daoguang2_1,eff_ryuhayabusa_pose,eff_ui_bollroot_shengji1,eff_ui_bollroot_shengji_tuowei,eff_ui_buff_chenmo,eff_ui_buff_fengying,eff_uiherodanprefab_tupo,uibattlehreoprefab,uiequipview,uiherodanprefab
Plane001,4,2,1,Off,True,eff_janlee_minskill,eff_janlee_pose,eff_janlee_uniqueskills,eff_map_main_logo,eff_momiji_uniqueskills_dlc_01,eff_ui_buff_hujia,eff_ui_uniqueskills,eff_ui_uniqueskills_1,eff_ui_uniqueskills_2,eff_ui_uniqueskills_3,eff_ui_uniqueskills_4,eff_uiguildmapprefab_xbwc,eff_uistarstonecardprefab_xingshi,eff_zhandou_guochang,eff_zhandou_guochang2,eff_zhandou_guochang_3,uicombatprefab,uidwacombatprefab,uiequipview,uiguildmapprefab,uiguildresearchprefab,uiloginprefab1
Plane001,735,1152,1,Off,True,p_map_main_kill_skybox
Plane001,10,8,1,Off,True,eff_leifang_minskill,eff_leifang_minskill_dlc01
Plane001,108,140,1,Off,True,eff_cmbo_daoguang2,eff_uiherodanprefab_manji,eff_uiherodanprefab_shengji,str_kcz,uiherodanprefab
Plane001,70,96,1,Off,True,eff_hayate_pose,eff_hitomi_minskill
Plane001,25,32,1,Off,True,uifunctiontrailerprefab_new
Plane001,25,32,1,Off,True,eff_ui_bollroot_zdl,eff_ui_uiherocultivateprefab_shuzi_01,eff_ui_uiherocultivateprefab_shuzi_02,eff_ui_uiherocultivateprefab_shuzi_03,p_map_main_dwa,uiarenatheirranksprefab
Plane001,126,160,1,Off,True,eff_hayate_minskill,eff_hayateb_doubleuniqueskills,eff_hayateb_minskill
Plane001,49,72,1,Off,True,uifunctiontrailerprefab_new
Plane001,32,30,1,Off,True,eff_shuye_01,eff_shuye_02,eff_shuye_03,eff_shuye_04,eff_shuye_05,eff_shuye_06
Plane001,25,32,1,Off,True,eff_main_map
Plane001,35,48,1,Off,True,eff_map_main,eff_ui_skill_beijing
Plane001,66,100,1,Off,True,eff_map_main_logo,eff_ui_uniqueskills,eff_zhandou_guochang,eff_zhandou_guochang2,eff_zhandou_guochang_3,uicombatprefab,uidwacombatprefab,uiletterchallengecomplete,uilevelopenprefab
Plane001,25,32,1,Off,True,eff_ryuhayabusa_uniqueskills
Plane001,25,32,1,Off,True,eff_hayateb_doubleuniqueskills,eff_hayateb_hit,eff_hayateb_uniqueskills,eff_momiji_pose,eff_momiji_pose_dlc_01,eff_momiji_uniqueskills,eff_momiji_uniqueskills_dlc_01,eff_uiequipcultivatechildprefab_juexing,eff_uiskillpopup2prefab_djts,uialbumbreakthrough,uiherostarlevelpopup2prefab,uiherotopprefab,uiskillpopup2prefab
Plane001,25,32,1,Off,True,uiloading6prefab
Plane002,30,28,1,Off,True,eff_hayateb_uniqueskills,eff_honoka_uniqueskills,eff_honoka_uniqueskills_dlc01,eff_momiji_pose,eff_momiji_pose_dlc_01,eff_nyotengu_minskill,eff_nyotengu_pose,eff_nyotengu_uniqueskills
Plane002,30,28,1,Off,True,eff_nyotengu_minskill
Plane002,14,12,1,Off,True,eff_hayateb_doubleuniqueskills,eff_hayateb_run
Plane002,30,28,1,Off,True,eff_hayateb_minskill,eff_honoka_uniqueskills,eff_honoka_uniqueskills_dlc01,eff_nyotengu_minskill,eff_nyotengu_uniqueskills
Plane002,96,120,1,Off,True,eff_buff_xixue
Plane002,4,2,1,Off,True,eff_kasumib_minskill 1,eff_uiguildtreasuretimeprefab_xunbao
Plane002,25,32,1,Off,True,eff_main_map
Plane002,16,12,1,Off,True,eff_buff_leader_fangyu,eff_buff_leader_gongji,eff_leifang_uniqueskills,eff_leifang_uniqueskills_dlc01,eff_ty_huixue,eff_ui_zhangjie_clearance_02
Plane002,25,32,1,Off,True,eff_ui_uiwustudynew_juese_one_cn,eff_ui_uiwustudynew_juese_ten_cn,eff_uiwustudy_beijing
Plane002,64,60,1,Off,True,eff_ryuhayabusa_pose
Plane002,126,160,1,Off,True,eff_hayate_minskill,uifunctiontrailerprefab_new
Plane002,8,4,1,Off,True,eff_ryuhayabusa_uniqueskills
Plane002,50,64,1,Off,True,eff_alpha_152_uniqueskills,eff_ayane_minskill,eff_ayane_pose,eff_ayane_uniqueskills01,eff_ayane_uniqueskills02,eff_ayane_uniqueskills03,eff_christie_minskill,eff_christie_uniqueskills,eff_genfu_minskill,eff_genfu_uniqueskills,eff_hayateb_doubleuniqueskills,eff_hayateb_minskill,eff_hayateb_uniqueskills,eff_helena_pose,eff_helena_pose_dlc_02,eff_helenab_01_minskill,eff_helenab_01_pose,eff_helenab_01_uniqueskills,eff_hitomi_minskill,eff_hitomi_uniqueskills02,eff_map_main_juese_xiaoshi,eff_mariposab_01_pose,eff_momiji_uniqueskills_dlc_01,eff_nyotengu_uniqueskills,eff_phase4_minskill
Plane003,45,56,1,Off,True,eff_christie_minskill,eff_christie_uniqueskills,eff_hayateb_doubleuniqueskills,eff_hayateb_minskill,eff_hitomi_uniqueskills02,eff_momiji_hit2,eff_momiji_minskill,eff_momiji_minskill_dlc_01,eff_momiji_pose,eff_nyotengu_minskill,eff_nyotengu_uniqueskills,eff_rachel_minskill,eff_tina_minskill,eff_tina_pose,eff_tina_uniqueskills
Plane003,18,16,1,Off,True,eff_hayateb_uniqueskills
Plane003,18,16,1,Off,True,eff_hayateb_doubleuniqueskills,eff_hayateb_uniqueskills
Plane004,20,18,1,Off,True,uilevelopenprefab
Plane004,66,80,1,Off,True,eff_genfu_minskill,uifunctiontrailerprefab_new
Plane004,126,160,1,Off,True,eff_hayate_minskill
Plane005,99,120,1,Off,True,eff_genfu_uniqueskills,eff_hayateb_doubleuniqueskills,eff_hayateb_minskill,eff_hayateb_uniqueskills,eff_helenab_01_uniqueskills,eff_hitomi_uniqueskills02,eff_hitomi_uniqueskills03,eff_momiji_uniqueskills_dlc_01,uifunctiontrailerprefab_new
Plane005,99,120,1,Off,True,eff_christie_minskill,eff_christie_uniqueskills,eff_momiji_minskill,eff_momiji_minskill_dlc_01,eff_nyotengu_uniqueskills,eff_tina_minskill
Plane005_LX,132,128,1,Off,True,eff_ein_uniqueskills
Plane006,84,120,1,Off,True,eff_hayate_minskill
Plane006_lx,132,128,1,Off,True,eff_ein_uniqueskills
Plane007,84,120,1,Off,True,eff_hayate_minskill
Plane007,84,80,1,Off,True,eff_ayane_minskill,eff_ayane_pose,eff_christie_minskill,eff_christie_uniqueskills,eff_helena_uniqueskills,eff_helena_uniqueskills_dlc_02,eff_nyotengu_minskill,eff_nyotengu_pose,eff_rachel_pose
Plane007_lX,132,128,1,Off,True,eff_ein_uniqueskills
Plane008_LX,132,128,1,Off,True,eff_ein_uniqueskills
Plane009,147,192,1,Off,True,eff_leifang_uniqueskills
Plane01,14,12,1,Off,True,eff_kasumib_pose,eff_kasumib_uniqueskills
Plane01,4,2,1,Off,True,s_gold
Plane01,28,36,1,Off,True,p_map_main_cabin,p_map_main_cliff
Plane01,4,2,1,Off,True,p_map_main_pool
Plane01,64,32,1,Off,True,p_map_main_chaptertwo_temple
Plane010,147,192,1,Off,True,eff_leifang_uniqueskills
Plane011,147,192,1,Off,True,eff_leifang_uniqueskills
Plane013,147,192,1,Off,True,eff_leifang_uniqueskills
Plane014,147,192,1,Off,True,eff_leifang_uniqueskills
Plane015,147,192,1,Off,True,eff_leifang_uniqueskills
Plane04,8,4,1,Off,True,eff_kasumib_minskill,eff_kasumib_uniqueskills
Plane11,49,72,1,Off,True,eff_kasumib_pose
Plants01,7942,4511,1,Off,True,p_map_main_ninjia
Plants02,3524,1434,1,Off,True,p_map_main_ninjia
Plants03,1516,687,1,Off,True,p_map_main_ninjia
Plants04,1338,552,1,Off,True,p_map_main_ninjia
Plants05,506,203,1,Off,True,p_map_main_ninjia
Plants06,2585,1174,1,Off,True,p_map_main_ninjia
Porps,13957,8730,1,Off,True,p_map_main_chinatown
Props,27680,15890,1,Off,True,p_map_main_ninjia
Props,41406,26955,1,Off,True,p_map_main_mountaintemple
Props,35851,22818,1,Off,True,p_map_main_bar
Props01,17884,12413,1,Off,True,p_map_main_castle
Props01_01,6486,3277,1,Off,True,p_map_main_cliff
Props01_02,3004,1502,1,Off,True,p_map_main_cliff
Props02,4670,3289,1,Off,True,p_map_main_cliff
Props02,9011,3720,1,Off,True,p_map_main_castle
Props_far,4817,2371,1,Off,True,p_map_main_towerbridge
Rainbow,72,72,1,Off,True,p_map_main_cliff
Red,36,44,1,Off,True,p_map_main_pool_red,p_map_main_pool_spacing_1
Red01,46,50,1,Off,True,p_map_main_coastalvillage
Red02,46,50,1,Off,True,p_map_main_coastalvillage
Red_Max,36,44,1,Off,True,p_map_main_pool_red_max
River,475,689,1,Off,True,p_map_main_cliff
Road01,6,4,1,Off,True,p_map_main_russia_maininterface
Road02,12,8,1,Off,True,p_map_main_russia_maininterface
Rock,193,305,1,Off,True,p_map_main_ninjia
Rock01,2264,2915,1,Off,True,p_map_main_cliff
Rock01,290,438,1,Off,True,p_map_main_castle
Rock02,6190,3988,1,Off,True,p_map_main_cliff
Roof,11469,6110,1,Off,True,p_map_main_russia_maininterface
Roof,375,209,1,Off,True,p_map_main_ninjia
Roof01,620,310,1,Off,True,p_map_main_castle
S_Dice,1730,3296,1,Off,True,i_dice
S_Dice,1730,3296,1,Off,True,p_map_main_dice
S_Exp_Utensil,2707,2274,2,Off,True,m_machine_01,p_gold_transcript_01
S_Exp_water,309,364,2,Off,True,m_machine_01,p_gold_transcript_01
S_Gold,106,96,1,Off,True,eff_ui_gold,gold_debris,s_gold,uicombatprefab,uidwacombatprefab
S_MaM_Map_Main_ClockTower1F_Glass,73,94,1,Off,True,p_map_main_clocktower1f
S_MaM_Map_Main_ClockTower2F_wall,1010,618,1,Off,True,p_map_main_clocktower1f
S_Main_Map_DailyHigher_pata_Door01,7512,4534,2,Off,True,p_main_map_dailyhigher_pata01
S_Main_Map_DailyHigher_pata_Ground01,2731,1332,1,Off,True,p_main_map_dailyhigher_pata01
S_Main_Map_DailyHigher_pata_Ground03,2264,1474,1,Off,True,p_main_map_dailyhigher_pata01
S_Main_Map_DailyHigher_pata_Prize01,2304,1262,1,Off,True,s_main_map_dailyhigher_pata_prize,trialprize
S_Main_Map_DailyHigher_pata_Prize_Light,16,8,1,Off,True,p_main_map_dailyhigher_pata01
S_Main_Map_DailyHigher_pata_Prize_Light,64,32,1,Off,True,s_main_map_dailyhigher_pata_prize,trialprize
S_Main_Map_DailyHigher_pata_Prize_Light_02,28,18,1,Off,True,s_main_map_dailyhigher_pata_prize,trialprize
S_Main_Map_DailyHigher_pata_Prize_Light_03,72,48,1,Off,True,p_main_map_dailyhigher_pata01,p_main_map_dailyhigher_pata02
S_Main_Map_DailyHigher_pata_Rail01,1276,780,1,Off,True,p_main_map_dailyhigher_pata01
S_Main_Map_DailyHigher_pata_Wall02,5655,3775,1,Off,True,p_main_map_dailyhigher_pata01
S_Main_Map_DailyHigher_pata_Window01,128,96,1,Off,True,p_main_map_dailyhigher_pata01
S_Main_Map_Tower_Window,100,56,1,Off,True,p_main_map_dailyhigher_pata02
S_Map_Main_Arena_Carpet,48,28,1,Off,True,p_map_main_arena
S_Map_Main_Arena_Floor,4,2,1,Off,True,p_map_main_arena
S_Map_Main_Arena_Object,8665,6640,1,Off,True,p_map_main_arena
S_Map_Main_Arena_Tilin,264,140,1,Off,True,p_map_main_arena
S_Map_Main_Cabin_Bamboo,1621,1282,1,Off,True,p_map_main_dartactivities
S_Map_Main_Cabin_Bamboo_01,1827,1564,1,Off,True,p_map_main_cabin
S_Map_Main_Cabin_Bamboo_02,3470,2047,1,Off,True,p_map_main_cabin
S_Map_Main_Cabin_Bamboo_03,1338,790,1,Off,True,p_map_main_cabin
S_Map_Main_Cabin_Bamboo_A,2887,2161,1,Off,True,p_map_main_dartactivities
S_Map_Main_Cabin_Bamboo_A,1456,838,1,Off,True,p_map_main_dartactivities
S_Map_Main_Cabin_Components01,13749,8389,2,Off,True,p_map_main_cabin
S_Map_Main_Cabin_Components01,3180,2106,1,Off,True,p_map_main_dartactivities
S_Map_Main_Cabin_Ground01,794,1120,2,Off,True,p_map_main_cabin
S_Map_Main_Cabin_Ground02,2376,2126,2,Off,True,p_map_main_cabin
S_Map_Main_Cabin_Lotus01,1836,1708,1,Off,True,p_map_main_dartactivities
S_Map_Main_Cabin_Rock,1362,1948,1,Off,True,p_map_main_cabin
S_Map_Main_Cabin_Temple_Tree01,1701,1949,1,Off,True,p_map_main_dartactivities
S_Map_Main_ChapterOne_000,17853,9855,1,Off,True,p_map_main_wharf
S_Map_Main_ChapterOne_001,23236,12740,2,Off,True,p_map_main_wharf
S_Map_Main_ChapterOne_002,590,329,1,Off,True,p_map_main_wharf
S_Map_Main_ChapterOne_003,5634,2840,1,Off,True,p_map_main_wharf
S_Map_Main_ChapterOne_004,269,206,1,Off,True,p_map_main_wharf
S_Map_Main_ChapterOne_005,228,324,1,Off,True,p_map_main_wharf
S_Map_Main_ChapterOne_006,17779,11417,3,Off,True,p_map_main_wharf
S_Map_Main_ChapterOne_Buoy,530,298,1,Off,True,p_map_main_conference,p_map_main_wharf
S_Map_Main_ChapterOne_Jack06,48,24,1,Off,True,p_map_main_wharf
S_Map_Main_ChapterOne_Ship,4,2,1,Off,True,p_map_main_wharf
S_Map_Main_ChapterOne_Water,431,840,1,Off,True,p_map_main_wharf
S_Map_Main_ChapterOne_mountain01,9,8,1,Off,True,p_map_main_wharf
S_Map_Main_ChapterOne_mountain02,8,6,1,Off,True,p_map_main_wharf
S_Map_Main_ChapterTwo_Temple_Ground01,3304,1613,1,Off,True,p_map_main_chaptertwo_temple
S_Map_Main_ChapterTwo_Temple_Ground02,11267,6646,1,Off,True,p_map_main_chaptertwo_temple
S_Map_Main_ChapterTwo_Temple_Ground03,396,198,1,Off,True,p_map_main_chaptertwo_temple
S_Map_Main_ChapterTwo_Temple_Ground03,14022,8267,1,Off,True,p_map_main_chaptertwo_temple
S_Map_Main_ChapterTwo_Temple_Ground04,4219,3358,1,Off,True,p_map_main_chaptertwo_temple
S_Map_Main_ChapterTwo_Temple_Tree01,7955,3888,1,Off,True,p_map_main_chaptertwo_temple
S_Map_Main_ChapterTwo_Temple_Tree02,1418,1276,1,Off,True,p_map_main_chaptertwo_temple
S_Map_Main_ChapterTwo_Temple_Tree03,70,34,1,Off,True,p_map_main_chaptertwo_temple
S_Map_Main_ChapterTwo_Temple_Tree03_04,37,21,1,Off,True,p_map_main_chaptertwo_temple
S_Map_Main_ChapterTwo_Temple_Tree03_05,59,35,1,Off,True,p_map_main_chaptertwo_temple
S_Map_Main_ChapterTwo_Temple_Tree03_06,21,11,1,Off,True,p_map_main_chaptertwo_temple
S_Map_Main_Circus_Color01,280,224,1,Off,True,p_map_main_circus
S_Map_Main_Circus_Color_Light01,1196,688,1,Off,True,p_map_main_circus
S_Map_Main_Circus_Role,148,108,1,Off,True,p_map_main_circus
S_Map_Main_Circus_Synthesize01,10361,7767,1,Off,True,p_map_main_circus
S_Map_Main_Circus_Synthesize01_Eye,78,88,1,Off,True,p_map_main_circus
S_Map_Main_Circus_Synthesize01_Mouth,428,354,1,Off,True,p_map_main_circus
S_Map_Main_Circus_Synthesize02,16418,11206,1,Off,True,p_map_main_circus
S_Map_Main_Circus_Synthesize04,276,176,1,Off,True,p_map_main_circus
S_Map_Main_Circus_Synthesize05,375,362,1,Off,True,p_map_main_circus
S_Map_Main_Circus_Synthesize06,1377,971,1,Off,True,p_map_main_circus
S_Map_Main_Circus_Synthesize_Startle,2988,2823,1,Off,True,p_map_main_circus
S_Map_Main_ClockTower1F_Candle,867,788,2,Off,True,p_map_main_clocktower1f
S_Map_Main_ClockTower1F_Concrete,10304,6980,1,Off,True,p_map_main_clocktower1f
S_Map_Main_ClockTower1F_Debris,930,418,1,Off,True,p_map_main_clocktower1f
S_Map_Main_ClockTower1F_Flame,48,24,1,Off,True,p_map_main_clocktower2f
S_Map_Main_ClockTower1F_Flame02,20,10,1,Off,True,p_map_main_clocktower1f
S_Map_Main_ClockTower1F_Flame04,240,120,1,Off,True,p_map_main_clocktower1f
S_Map_Main_ClockTower1F_Sculpture,16482,20818,1,Off,True,p_map_main_clocktower1f
S_Map_Main_ClockTower1F_Tiling,4598,3488,1,Off,True,p_map_main_clocktower1f
S_Map_Main_ClockTower1F_Transparent,214,145,1,Off,True,p_map_main_clocktower1f
S_Map_Main_ClockTower1F_Tree,372,186,1,Off,True,p_map_main_clocktower1f
S_Map_Main_ClockTower1F_Window,145,119,1,Off,True,p_map_main_clocktower1f
S_Map_Main_ClockTower2F_AGear01,1442,1374,2,Off,True,p_map_main_clocktower2f
S_Map_Main_ClockTower2F_AGear02,1384,1342,2,Off,True,p_map_main_clocktower2f
S_Map_Main_ClockTower2F_BGear01,348,287,1,Off,True,p_map_main_clocktower2f
S_Map_Main_ClockTower2F_BGear02,386,262,2,Off,True,p_map_main_clocktower2f
S_Map_Main_ClockTower2F_CGear01,351,368,1,Off,True,p_map_main_clocktower2f
S_Map_Main_ClockTower2F_CGear02,234,192,1,Off,True,p_map_main_clocktower2f
S_Map_Main_ClockTower2F_CGear03,248,288,1,Off,True,p_map_main_clocktower2f
S_Map_Main_ClockTower2F_CGear04,170,198,1,Off,True,p_map_main_clocktower2f
S_Map_Main_ClockTower2F_CGear05,24,20,1,Off,True,p_map_main_clocktower2f
S_Map_Main_ClockTower2F_Copper,640,634,1,Off,True,p_map_main_clocktower2f
S_Map_Main_ClockTower2F_Flag,20,14,1,Off,True,p_map_main_clocktower2f
S_Map_Main_ClockTower2F_Ground01,30,30,1,Off,True,p_map_main_clocktower2f
S_Map_Main_ClockTower2F_Ground01,544,470,2,Off,True,p_map_main_clocktower1f
S_Map_Main_ClockTower2F_Ground02,260,224,1,Off,True,p_map_main_clocktower1f
S_Map_Main_ClockTower2F_HourHand01,64,66,1,Off,True,p_map_main_clocktower2f
S_Map_Main_ClockTower2F_HourHand02,64,66,1,Off,True,p_map_main_clocktower2f
S_Map_Main_ClockTower2F_MinuteHand01,80,82,1,Off,True,p_map_main_clocktower2f
S_Map_Main_ClockTower2F_MinuteHand02,80,82,1,Off,True,p_map_main_clocktower2f
S_Map_Main_ClockTower2F_Roof,190,130,1,Off,True,p_map_main_clocktower2f
S_Map_Main_ClockTower2F_SecondHand01,9,7,1,Off,True,p_map_main_clocktower2f
S_Map_Main_ClockTower2F_SecondHand02,9,7,1,Off,True,p_map_main_clocktower2f
S_Map_Main_ClockTower2F_Transparent02,138,152,1,Off,True,p_map_main_clocktower2f
S_Map_Main_ClockTower2F_Wall,2480,1948,1,Off,True,p_map_main_clocktower2f
S_Map_Main_ClockTower2F_building,6075,3876,1,Off,True,p_map_main_clocktower2f
S_Map_Main_ClockTower2F_prop1,7529,4713,1,Off,True,p_map_main_clocktower2f
S_Map_Main_CoastalVillage_Flags,20,16,1,Off,True,p_map_main_coastalvillage
S_Map_Main_CoastalVillage_Ground01,688,414,2,Off,True,p_map_main_coastalvillage
S_Map_Main_CoastalVillage_Ground02,1525,1696,1,Off,True,p_map_main_coastalvillage
S_Map_Main_CoastalVillage_Hard,361,243,1,Off,True,p_map_main_coastalvillage
S_Map_Main_CoastalVillage_Leaf,1448,580,1,Off,True,p_map_main_coastalvillage
S_Map_Main_CoastalVillage_Map01,8206,4748,1,Off,True,p_map_main_coastalvillage
S_Map_Main_CoastalVillage_Map02,35250,25670,1,Off,True,p_map_main_coastalvillage
S_Map_Main_CoastalVillage_Penoncel,178,70,2,Off,True,p_map_main_coastalvillage
S_Map_Main_CoastalVillage_Ship,475,280,1,Off,True,p_map_main_coastalvillage
S_Map_Main_CoastalVillage_Trestle,8,4,1,Off,True,p_map_main_coastalvillage
S_Map_Main_CoastalVillage_Vane,12,8,1,Off,True,p_map_main_coastalvillage
S_Map_Main_CoastalVillage_Vegetation01,1196,600,1,Off,True,p_map_main_coastalvillage
S_Map_Main_CoastalVillage_Wall,3323,2142,1,Off,True,p_map_main_coastalvillage
S_Map_Main_CoastalVillage_Water,19,15,1,Off,True,p_map_main_coastalvillage
S_Map_Main_CoastalVillage_Window,8,4,1,Off,True,p_map_main_coastalvillage
S_Map_Main_CoastalVillage_Withe,222,110,1,Off,True,p_map_main_coastalvillage
S_Map_Main_Conference_Alpha01,4,2,1,Off,True,eff_ladder_passway,p_map_main_conference
S_Map_Main_Conference_Floor01,4411,2524,1,Off,True,p_map_main_conference
S_Map_Main_Conference_Floor01_01,2579,1365,1,Off,True,p_map_main_conference
S_Map_Main_Conference_Floor02,5766,3076,1,Off,True,p_map_main_conference
S_Map_Main_Conference_Light01,432,216,1,Off,True,p_map_main_conference
S_Map_Main_Conference_NeonLight01,786,418,2,Off,True,p_map_main_conference
S_Map_Main_Conference_NeonLight01_Normal,14347,10094,1,Off,True,p_map_main_conference
S_Map_Main_Conference_NeonLight01_Saloon_01,17,9,1,Off,True,p_map_main_conference
S_Map_Main_Conference_NeonLight01_Saloon_02,4,2,1,Off,True,p_map_main_conference
S_Map_Main_Conference_NeonLight01_Saloon_03,4,2,1,Off,True,p_map_main_conference
S_Map_Main_Conference_NeonLight01_Store_01,4,2,1,Off,True,p_map_main_conference
S_Map_Main_Conference_NeonLight01_Store_02,4,2,1,Off,True,p_map_main_conference
S_Map_Main_Conference_NeonLight01_Store_03,4,2,1,Off,True,p_map_main_conference
S_Map_Main_Conference_NeonLight01_Store_04,4,2,1,Off,True,p_map_main_conference
S_Map_Main_Conference_Saloon01,20,10,1,Off,True,p_map_main_conference
S_Map_Main_Conference_Saloon01_LED,14,10,1,Off,True,p_map_main_conference
S_Map_Main_Conference_Saloon_Door,24,12,1,Off,True,p_map_main_conference
S_Map_Main_Conference_Side04,4524,4368,1,Off,True,p_map_main_conference
S_Map_Main_Conference_Solution,27,18,1,Off,True,p_map_main_conference
S_Map_Main_Conference_Store_Door,8,4,1,Off,True,p_map_main_conference
S_Map_Main_Conference_Text01,314,162,1,Off,True,p_map_main_conference
S_Map_Main_Conference_Water,76,120,1,Off,True,p_map_main_conference
S_Map_Main_Courtyard_Ground01,236,132,1,Off,True,p_map_main_courtyard
S_Map_Main_Courtyard_Opaciaty01,2310,1136,1,Off,True,p_map_main_courtyard
S_Map_Main_Courtyard_Plank01,19193,10599,1,Off,True,p_map_main_courtyard
S_Map_Main_Courtyard_Roof,3976,2230,1,Off,True,p_map_main_courtyard
S_Map_Main_Courtyard_Sundry01,16194,12139,2,Off,True,p_map_main_courtyard
S_Map_Main_Courtyard_Sundry02,1024,608,1,Off,True,p_map_main_courtyard
S_Map_Main_DWA_ALL_01,27918,15793,1,Off,True,p_map_main_dwa
S_Map_Main_DWA_Audience,184,92,1,Off,True,p_map_main_dwa
S_Map_Main_DWA_Audience,184,92,1,Off,True,p_map_main_dwa
S_Map_Main_DWA_Floor01,1178,640,1,Off,True,p_map_main_dwa
S_Map_Main_DWA_Grid01,60,30,1,Off,True,p_map_main_dwa
S_Map_Main_DWA_Grid01,1770,1036,1,Off,True,p_map_main_dwa
S_Map_Main_DWA_Ground01,3184,2230,1,Off,True,p_map_main_dwa
S_Map_Main_DWA_LED01,724,448,1,Off,True,p_map_main_dwa
S_Map_Main_DWA_Light01,1480,740,1,Off,True,p_map_main_dwa
S_Map_Main_DWA_Light02,608,304,1,Off,True,p_map_main_dwa
S_Map_Main_DWA_Light03,70,36,1,Off,True,p_map_main_dwa
S_Map_Main_DartActivities_Ground01,1646,2265,1,Off,True,p_map_main_dartactivities
S_Map_Main_DartActivities_Light01,12,12,1,Off,True,p_map_main_clocktower1f,p_map_main_dartactivities
S_Map_Main_DartActivities_Tree,438,547,1,Off,True,p_map_main_dartactivities
S_Map_Main_Demo_Ladder_Passway_Building,8952,5910,8,Off,True,p_map_main_demo_ladder_passway
S_Map_Main_Demo_Ladder_Passway_LED01,4,2,1,Off,True,p_map_main_demo_ladder_passway
S_Map_Main_Demo_Ladder_Passway_LED02,4,2,1,Off,True,p_map_main_demo_ladder_passway
S_Map_Main_Demo_Ladder_Passway_Searchlight_A,32,16,1,Off,True,p_map_main_demo_ladder_passway
S_Map_Main_Demo_Ladder_Passway_Searchlight_B01,4,2,1,Off,True,p_map_main_demo_ladder_passway
S_Map_Main_Desert_Wasteland_Building,15106,10340,3,Off,True,p_map_main_desert_wasteland
S_Map_Main_Desert_Wasteland_Cover,71,67,1,Off,True,p_map_main_desert_wasteland
S_Map_Main_Desert_Wasteland_Sand,2602,3354,2,Off,True,p_map_main_desert_wasteland
S_Map_Main_Desert_Wasteland_Transparent,1168,594,1,Off,True,p_map_main_desert_wasteland
S_Map_Main_Desert_Wasteland_Transparent_Dynamic_01,14,12,1,Off,True,p_map_main_desert_wasteland
S_Map_Main_Desert_Wasteland_Transparent_Dynamic_01,14,12,1,Off,True,p_map_main_desert_wasteland
S_Map_Main_Desert_Wasteland_Transparent_Dynamic_02,12,10,1,Off,True,p_map_main_desert_wasteland
S_Map_Main_Desert_Wasteland_Transparent_Dynamic_02,12,10,1,Off,True,p_map_main_desert_wasteland
S_Map_Main_Desk,692,402,1,Off,True,p_map_main_bar
S_Map_Main_EquipmentEvolution,6352,4014,1,Off,True,p_map_main_equipmentevolution
S_Map_Main_Gaolou_1,796,483,1,Off,True,p_map_main_tokyo
S_Map_Main_GermanTown_Background01,40,26,1,Off,True,p_map_main_germantown
S_Map_Main_GermanTown_Background02,50,26,1,Off,True,p_map_main_germantown
S_Map_Main_GermanTown_Background03,20,12,1,Off,True,p_map_main_germantown
S_Map_Main_GermanTown_Flag,28,20,1,Off,True,p_map_main_germantown
S_Map_Main_GermanTown_Ground,4494,3801,9,Off,True,p_map_main_germantown
S_Map_Main_GermanTown_Leaf01,930,750,1,Off,True,p_map_main_germantown
S_Map_Main_GermanTown_Leaf02,765,620,1,Off,True,p_map_main_germantown
S_Map_Main_GermanTown_Leaf03,612,496,1,Off,True,p_map_main_germantown
S_Map_Main_GermanTown_Leaf04,306,248,1,Off,True,p_map_main_germantown
S_Map_Main_GermanTown_River,4,2,1,Off,True,p_map_main_germantown
S_Map_Main_GermanTown_Transparent01,526,278,1,Off,True,p_map_main_germantown
S_Map_Main_GermanTown_Transparent02,42,22,1,Off,True,p_map_main_germantown
S_Map_Main_GermanTown_Transparent03,378,198,1,Off,True,p_map_main_germantown
S_Map_Main_GermanTown_Transparent04,836,497,1,Off,True,p_map_main_germantown
S_Map_Main_GermanTown_Transparent05,524,274,1,Off,True,p_map_main_germantown
S_Map_Main_GermanTown_object,35560,22023,8,Off,True,p_map_main_germantown
S_Map_Main_Gold_Object,8245,6000,1,Off,True,p_map_main_richman
S_Map_Main_Gold_Object,26969,18887,1,Off,True,p_map_main_gold
S_Map_Main_Gold_Object_01,312,216,1,Off,True,p_map_main_gold
S_Map_Main_Gold_Plant01_01,2247,2618,1,Off,True,p_map_main_gold
S_Map_Main_Gold_Plant01_02,12,6,1,Off,True,p_map_main_gold
S_Map_Main_Gold_Plant01_04,11,7,1,Off,True,p_map_main_gold
S_Map_Main_Gold_Plant01_05,54,44,1,Off,True,p_map_main_gold
S_Map_Main_Gold_Plant01_06,10,8,1,Off,True,p_map_main_gold
S_Map_Main_Gold_Plant01_07,22,18,1,Off,True,p_map_main_gold
S_Map_Main_Gold_Plant03,116,82,1,Off,True,p_map_main_gold
S_Map_Main_Gold_String,3680,2216,1,Off,True,p_map_main_gold
S_Map_Main_Gold_Water03,86,82,1,Off,True,p_map_main_gold
S_Map_Main_Gold_Wood,7559,4408,1,Off,True,p_map_main_gold
S_Map_Main_Gold_Wood,528,348,1,Off,True,p_map_main_richman
S_Map_Main_Ground_1,9173,4617,1,Off,True,p_map_main_tokyo
S_Map_Main_Guangzhu_1,54,36,1,Off,True,p_map_main_tokyo
S_Map_Main_House_01,2315,1312,1,Off,True,p_map_main_tokyo
S_Map_Main_House_02,805,449,2,Off,True,p_map_main_tokyo
S_Map_Main_JapanInterface_Bridge001,20652,11186,1,Off,True,p_map_main_japaninterface
S_Map_Main_JapanInterface_Bridge002,12829,7406,1,Off,True,p_map_main_japaninterface_login
S_Map_Main_JapanInterface_Bridge_003,200,140,1,Off,True,p_map_main_japaninterface
S_Map_Main_JapanInterface_Bridge_004,100,70,1,Off,True,p_map_main_japaninterface_login
S_Map_Main_JapanInterface_Door001,5006,2743,1,Off,True,p_map_main_japaninterface
S_Map_Main_JapanInterface_Door002,1655,964,1,Off,True,p_map_main_japaninterface_login
S_Map_Main_JapanInterface_Ground008,1816,1134,1,Off,True,p_map_main_japaninterface
S_Map_Main_JapanInterface_Ground009,474,796,1,Off,True,p_map_main_japaninterface
S_Map_Main_JapanInterface_Ground010,33,40,1,Off,True,p_map_main_japaninterface
S_Map_Main_JapanInterface_Ground011,734,580,1,Off,True,p_map_main_japaninterface
S_Map_Main_JapanInterface_Ground012,450,314,1,Off,True,p_map_main_japaninterface_login
S_Map_Main_JapanInterface_Ground013,421,796,1,Off,True,p_map_main_japaninterface_login
S_Map_Main_JapanInterface_Ground014,114,158,1,Off,True,p_map_main_japaninterface_login
S_Map_Main_JapanInterface_Ground015,982,742,1,Off,True,p_map_main_japaninterface_login
S_Map_Main_JapanInterface_Object002,14615,8422,1,Off,True,p_map_main_japaninterface
S_Map_Main_JapanInterface_Object003,1797,1242,1,Off,True,p_map_main_japaninterface_login
S_Map_Main_JapanInterface_Tree,6161,4172,1,Off,True,p_map_main_japaninterface
S_Map_Main_JapanInterface_Tree,3854,3104,1,Off,True,p_map_main_japaninterface_login
S_Map_Main_JapanInterface_Tree001,52,26,1,Off,True,p_map_main_japaninterface
S_Map_Main_JapanInterface_Tree002,16,8,1,Off,True,p_map_main_japaninterface
S_Map_Main_JapanInterface_Tree_002,4065,3873,1,Off,True,p_map_main_japaninterface
S_Map_Main_JapanInterface_Tree_003,1128,1304,1,Off,True,p_map_main_japaninterface_login
S_Map_Main_JapanInterface_Wall003,5034,2752,1,Off,True,p_map_main_japaninterface
S_Map_Main_JapanInterface_Wall004,3844,2128,1,Off,True,p_map_main_japaninterface
S_Map_Main_JapanInterface_Wall005,2582,1432,1,Off,True,p_map_main_japaninterface_login
S_Map_Main_JapanInterface_Wall006,5048,2792,1,Off,True,p_map_main_japaninterface_login
S_Map_Main_JapanInterface_Wall01,1686,1028,1,Off,True,p_map_main_japaninterface_login
S_Map_Main_Laboratory_Ripple,130,128,1,Off,True,p_map_main_laboratory
S_Map_Main_Laboratory_Ripple,130,128,1,Off,True,p_map_main_laboratory_night
S_Map_Main_Laboratory_Ripple001,130,128,1,Off,True,p_map_main_laboratory
S_Map_Main_Laboratory_Ripple001,130,128,1,Off,True,p_map_main_laboratory_night
S_Map_Main_Laboratory_Ripple002,172,128,1,Off,True,p_map_main_laboratory
S_Map_Main_Laboratory_Ripple002,172,128,1,Off,True,p_map_main_laboratory_night
S_Map_Main_Ladder_Ground01,657,776,3,Off,True,p_map_main_ladder
S_Map_Main_Ladder_Light01_C,8203,5005,1,Off,True,p_map_main_ladder
S_Map_Main_Ladder_Light02,5584,4664,1,Off,True,p_map_main_ladder
S_Map_Main_Ladder_Light02_u,8,4,1,Off,True,p_map_main_ladder
S_Map_Main_Ladder_Light02_u_a,44,40,1,Off,True,p_map_main_ladder
S_Map_Main_Ladder_Ribbon01,132,66,1,Off,True,p_map_main_ladder
S_Map_Main_LandingField,21169,14534,1,Off,True,p_map_main_landingfield
S_Map_Main_LandingField_Buoy,521,298,1,Off,True,p_map_main_landingfield
S_Map_Main_LandingField_Ship,3245,1853,1,Off,True,p_map_main_landingfield
S_Map_Main_Platform_01,1279,760,1,Off,True,herocultivate_bg_01,p_map_main_platform
S_Map_Main_Platform_02,2256,1488,1,Off,True,herocultivate_bg_01,p_map_main_platform
S_Map_Main_Platform_Light,147,192,1,Off,True,herocultivate_bg_01,p_map_main_platform
S_Map_Main_Platform_a,96,48,1,Off,True,herocultivate_bg_01,p_map_main_platform
S_Map_Main_Pobu_1,1809,1035,1,Off,True,p_map_main_tokyo
S_Map_Main_PoolInterface_Cloud,85,128,1,Off,True,p_map_main_poolinterface
S_Map_Main_PoolInterface_Cloud02,85,128,1,Off,True,p_map_main_poolinterface
S_Map_Main_PoolInterface_Ground01,857,728,1,Off,True,p_map_main_poolinterface
S_Map_Main_PoolInterface_Ground01,830,876,1,Off,True,p_map_main_poolinterface_login
S_Map_Main_PoolInterface_Ground02,381,232,1,Off,True,p_map_main_poolinterface
S_Map_Main_PoolInterface_Ground02,398,241,1,Off,True,p_map_main_poolinterface_login
S_Map_Main_PoolInterface_Ground02,234,407,1,Off,True,p_map_main_poolinterface_login
S_Map_Main_PoolInterface_Ground02,234,407,1,Off,True,p_map_main_poolinterface
S_Map_Main_PoolInterface_Ground03,36,18,1,Off,True,p_map_main_poolinterface
S_Map_Main_PoolInterface_Ground03,40,20,1,Off,True,p_map_main_poolinterface_login
S_Map_Main_PoolInterface_Mountain_01,29302,10820,2,Off,True,p_map_main_poolinterface_login
S_Map_Main_PoolInterface_Mountain_01,32159,11942,2,Off,True,p_map_main_poolinterface
S_Map_Main_PoolInterface_Mountain_02,60,30,1,Off,True,p_map_main_poolinterface_login
S_Map_Main_PoolInterface_Mountain_02,60,30,1,Off,True,p_map_main_poolinterface
S_Map_Main_PoolInterface_Plank01,272,168,1,Off,True,p_map_main_poolinterface
S_Map_Main_PoolInterface_Plank01,292,180,1,Off,True,p_map_main_poolinterface_login
S_Map_Main_PoolInterface_Plank02,8101,4099,1,Off,True,p_map_main_poolinterface_login
S_Map_Main_PoolInterface_Plank02,9224,4646,1,Off,True,p_map_main_poolinterface
S_Map_Main_PoolInterface_Props01,50019,27582,1,Off,True,p_map_main_poolinterface
S_Map_Main_PoolInterface_Props01,47808,27037,1,Off,True,p_map_main_poolinterface_login
S_Map_Main_PoolInterface_Roof,759,485,1,Off,True,p_map_main_poolinterface
S_Map_Main_PoolInterface_Roof,711,472,1,Off,True,p_map_main_poolinterface_login
S_Map_Main_PoolInterface_Spoondrift,768,1178,1,Off,True,p_map_main_poolinterface_login
S_Map_Main_PoolInterface_Spoondrift,768,1178,1,Off,True,p_map_main_poolinterface
S_Map_Main_PoolInterface_Water,210,247,1,Off,True,p_map_main_poolinterface
S_Map_Main_PoolInterface_Water,175,247,1,Off,True,p_map_main_poolinterface_login
S_Map_Main_Pool_Barrier01_Bluer,240,254,1,Off,True,p_map_main_pool_barrier01_bluer
S_Map_Main_Pool_Barrier01_Green,240,254,1,Off,True,p_map_main_pool_barrier01_green
S_Map_Main_Pool_Barrier01_Red,240,254,1,Off,True,p_map_main_pool_barrier01_red
S_Map_Main_Pool_Barrier02_Bluer,223,262,1,Off,True,p_map_main_pool_barrier02_bluer
S_Map_Main_Pool_Barrier02_Green,223,262,1,Off,True,p_map_main_pool_barrier02_green
S_Map_Main_Pool_Barrier02_Red,223,262,1,Off,True,p_map_main_pool_barrier02_red
S_Map_Main_Pool_Ground002,37,28,1,Off,True,p_map_main_poolinterface
S_Map_Main_Pool_Ground002,47,36,1,Off,True,p_map_main_poolinterface_login
S_Map_Main_Pool_Ground03,16,14,1,Off,True,p_map_main_richman
S_Map_Main_Pool_Ground03,93,118,1,Off,True,p_map_main_poolinterface_login
S_Map_Main_Pool_Ground03,93,111,1,Off,True,p_map_main_poolinterface
S_Map_Main_Pool_Mountain,2393,3393,1,Off,True,p_map_main_poolinterface_login
S_Map_Main_Pool_Mountain,1255,1810,1,Off,True,p_map_main_richman
S_Map_Main_Pool_Mountain,1824,2607,1,Off,True,p_map_main_poolinterface
S_Map_Main_Pool_Mountain,2075,2995,1,Off,True,p_map_main_gold
S_Map_Main_Pool_POOL_Ground,2494,2490,2,Off,True,p_map_main_pool_pool_ground
S_Map_Main_Pool_Props01,9987,6565,1,Off,True,p_map_main_richman
S_Map_Main_Pool_Sand01,208,355,1,Off,True,p_map_main_gold
S_Map_Main_Poster,169,269,1,Off,True,p_map_main_bar
S_Map_Main_RichMan_Ground01,764,1361,1,Off,True,p_map_main_richman
S_Map_Main_RichMan_Mountain,4,2,1,Off,True,p_map_main_richman
S_Map_Main_RichMan_Mountain_02,4,2,1,Off,True,p_map_main_richman
S_Map_Main_RichMan_Mountain_03,4,2,1,Off,True,p_map_main_richman
S_Map_Main_RichMan_Mountain_04,4644,5346,1,Off,True,p_map_main_richman
S_Map_Main_RichMan_Mountain_07,4,2,1,Off,True,p_map_main_richman
S_Map_Main_RichMan_Water,62,62,1,Off,True,p_map_main_richman
S_Map_Main_RichMan_Wave01,216,280,1,Off,True,p_map_main_richman
S_Map_Main_RichMan_Wave02,216,280,1,Off,True,p_map_main_richman
S_Map_Main_Russia_Church,6216,3461,1,Off,True,p_map_main_russia
S_Map_Main_Russia_Church_01,9699,5773,1,Off,True,p_map_main_russia
S_Map_Main_Russia_Church_02,6400,4336,1,Off,True,p_map_main_russia
S_Map_Main_Russia_Church_03,14361,8146,1,Off,True,p_map_main_russia
S_Map_Main_Russia_Grass,132,76,1,Off,True,p_map_main_russia
S_Map_Main_Russia_Ground02,161,119,2,Off,True,p_map_main_russia
S_Map_Main_Russia_MainInterface_CAR,1276,1706,1,Off,True,p_map_main_russia_maininterface
S_Map_Main_Russia_MainInterface_CAR001,1276,1706,1,Off,True,p_map_main_russia_maininterface
S_Map_Main_Russia_MainInterface_CAR_Shadow,4,2,1,Off,True,p_map_main_russia_maininterface
S_Map_Main_Russia_Props01,2100,1088,1,Off,True,p_map_main_russia
S_Map_Main_Russia_Props02,6646,3668,1,Off,True,p_map_main_russia
S_Map_Main_Russia_Roof02,11456,6878,1,Off,True,p_map_main_russia
S_Map_Main_Russia_Tree,1705,1766,1,Off,True,p_map_main_russia
S_Map_Main_Russia_Wall01,2910,1562,1,Off,True,p_map_main_russia
S_Map_Main_Russia_Wall02,4291,2738,1,Off,True,p_map_main_russia
S_Map_Main_Russia_Wall02_01,4916,2586,1,Off,True,p_map_main_russia
S_Map_Main_Russia_Wall03,1461,965,1,Off,True,p_map_main_russia
S_Map_Main_Russia_Wall04,64,42,1,Off,True,p_map_main_russia
S_Map_Main_Shengzi_1,594,440,1,Off,True,p_map_main_tokyo
S_Map_Main_Ship_00,10,6,1,Off,True,p_map_main_ship
S_Map_Main_Ship_00,791,457,1,Off,True,p_map_main_ship
S_Map_Main_Ship_00,698,378,1,Off,True,p_map_main_ship
S_Map_Main_Ship_00,36,24,1,Off,True,p_map_main_ship
S_Map_Main_Ship_01,3516,2106,1,Off,True,p_map_main_ship
S_Map_Main_Ship_01,101,71,1,Off,True,p_map_main_ship
S_Map_Main_Ship_01,980,514,1,Off,True,p_map_main_ship
S_Map_Main_Ship_01,50,34,1,Off,True,p_map_main_ship
S_Map_Main_Ship_02,3206,1749,3,Off,True,p_map_main_ship
S_Map_Main_Ship_02,9,7,1,Off,True,p_map_main_ship
S_Map_Main_Ship_02,41,27,1,Off,True,p_map_main_ship
S_Map_Main_Ship_02,48,32,1,Off,True,p_map_main_ship
S_Map_Main_Ship_03,5188,2919,1,Off,True,p_map_main_ship
S_Map_Main_Ship_03,5242,2870,1,Off,True,p_map_main_ship
S_Map_Main_Ship_03,40,24,1,Off,True,p_map_main_ship
S_Map_Main_Ship_03,294,166,1,Off,True,p_map_main_ship
S_Map_Main_Ship_04,130,102,1,Off,True,p_map_main_ship
S_Map_Main_Ship_Alpha,1640,820,1,Off,True,p_map_main_ship
S_Map_Main_Ship_Main04,746,392,2,Off,True,p_map_main_ship
S_Map_Main_Ship_Water,676,1250,1,Off,True,p_map_main_ship
S_Map_Main_Show_01,296,480,1,Off,True,eff_changjing_chouka,eff_changjing_fashon,eff_changjing_shengxing,p_map_main_conference_boss,p_map_main_grounddoa,p_map_main_show
S_Map_Main_Show_01_002,36,32,1,Off,True,eff_changjing_chouka,eff_changjing_fashon,eff_changjing_shengxing,p_map_main_show
S_Map_Main_Show_01_01,33,32,1,Off,True,eff_changjing_chouka,eff_changjing_fashon,eff_changjing_shengxing,p_map_main_conference_boss,p_map_main_grounddoa,p_map_main_show
S_Map_Main_Show_02,132,120,1,Off,True,eff_changjing_chouka,eff_changjing_fashon,eff_changjing_shengxing,p_map_main_conference_boss,p_map_main_grounddoa,p_map_main_show
S_Map_Main_Show_03,4,2,1,Off,True,eff_changjing_chouka,eff_changjing_fashon,eff_changjing_shengxing,p_map_main_show
S_Map_Main_Show_03_01,4,2,1,Off,True,eff_changjing_chouka,eff_changjing_fashon,eff_changjing_shengxing,p_map_main_show
S_Map_Main_Telephone,1671,1227,1,Off,True,p_map_main_bar
S_Map_Main_Temple_1,17440,10040,1,Off,True,p_map_main_tokyo
S_Map_Main_Temple_2,2670,1708,1,Off,True,p_map_main_tokyo
S_Map_Main_Tower_1,6805,3928,1,Off,True,p_map_main_tokyo
S_Map_Main_Tower_Ground01,1192,872,1,Off,True,p_main_map_dailyhigher_pata02
S_Map_Main_Tower_Metal02,2746,1752,1,Off,True,p_main_map_dailyhigher_pata02
S_Map_Main_Tower_Metal04,23460,13597,1,Off,True,p_main_map_dailyhigher_pata02
S_Map_Main_Tower_Props,5249,4436,1,Off,True,p_main_map_dailyhigher_pata02
S_Map_Main_Tower_Wall01,9014,5566,1,Off,True,p_main_map_dailyhigher_pata02
S_Map_Main_Tower_Wall02,1717,1075,1,Off,True,p_main_map_dailyhigher_pata02
S_Map_Main_demo_Audience01,120,60,1,Off,True,p_map_main_ladder
S_Map_Main_demo_Audience01,48,24,1,Off,True,p_map_main_demo_arenamaininterface
S_Map_Main_demo_Floor01,64,32,1,Off,True,p_map_main_ladder
S_Map_Main_demo_Floor01,16,16,1,Off,True,p_map_main_demo_arenamaininterface
S_Map_Main_demo_Floor02,54,30,1,Off,True,p_map_main_demo_arenamaininterface
S_Map_Main_demo_Floor03,2203,1051,1,Off,True,p_map_main_demo_arenamaininterface
S_Map_Main_demo_Floor03,11603,6266,1,Off,True,p_map_main_ladder
S_Map_Main_demo_Grid02,136,68,1,Off,True,p_map_main_ladder
S_Map_Main_demo_Grid02,1611,889,1,Off,True,p_map_main_demo_arenamaininterface
S_Map_Main_demo_Ground,196,146,1,Off,True,p_map_main_demo_arenamaininterface,p_map_main_fightingarena
S_Map_Main_demo_Ground01,1200,656,4,Off,True,p_map_main_fightingarena
S_Map_Main_demo_Ground02,4,2,1,Off,True,p_map_main_fightingarena
S_Map_Main_demo_Ground02,2730,1410,1,Off,True,p_map_main_demo_arenamaininterface
S_Map_Main_demo_Ground03,3784,1812,1,Off,True,p_map_main_fightingarena
S_Map_Main_demo_Iron01,2829,1744,1,Off,True,p_map_main_ladder
S_Map_Main_demo_Iron01,3312,1656,2,Off,True,p_map_main_fightingarena
S_Map_Main_demo_Iron01,5342,2692,1,Off,True,p_map_main_demo_arenamaininterface
S_Map_Main_demo_Iron02,9056,4528,1,Off,True,eff_pool_water,eff_ycpd_fangkuai_shuihua,eff_ycpd_juese_luoshui,eff_ycpd_juese_luoshui_2,eff_ycpd_pengquan_1,eff_ycpd_pengquan_2,p_map_main_cabin,p_map_main_fightingarena
S_Map_Main_demo_Iron03,140,72,2,Off,True,p_map_main_fightingarena
S_Map_Main_demo_LED01,16398,9288,1,Off,True,p_map_main_ladder
S_Map_Main_demo_LED01,8,4,1,Off,True,p_map_main_demo_arenamaininterface
S_Map_Main_demo_LED01,20,10,1,Off,True,p_map_main_fightingarena
S_Map_Main_demo_LED0101,8,4,1,Off,True,p_map_main_demo_arenamaininterface
S_Map_Main_demo_LED0102,32,16,1,Off,True,p_map_main_demo_arenamaininterface
S_Map_Main_demo_LED0103,12,6,1,Off,True,p_map_main_demo_arenamaininterface
S_Map_Main_demo_LED01_01,48,24,1,Off,True,p_map_main_fightingarena
S_Map_Main_demo_LED01_01,5640,3060,1,Off,True,p_map_main_demo_arenamaininterface
S_Map_Main_demo_LED01_02,20,10,1,Off,True,p_map_main_fightingarena
S_Map_Main_demo_LED01_03,16,8,1,Off,True,p_map_main_fightingarena
S_Map_Main_demo_LED01_U,64,32,1,Off,True,p_map_main_ladder
S_Map_Main_demo_LED02,8,4,1,Off,True,p_map_main_ladder
S_Map_Main_demo_LED02,12,6,1,Off,True,p_map_main_demo_arenamaininterface
S_Map_Main_demo_LED02,4560,2214,4,Off,True,p_map_main_fightingarena
S_Map_Main_demo_LED03,12206,6232,1,Off,True,p_map_main_ladder
S_Map_Main_demo_Light002,792,396,1,Off,True,p_map_main_demo_arenamaininterface
S_Map_Main_demo_Light01,16,8,1,Off,True,p_map_main_ladder
S_Map_Main_demo_Light01,16,8,1,Off,True,p_map_main_demo_arenamaininterface
S_Map_Main_demo_Light02_01,48,24,1,Off,True,p_map_main_demo_arenamaininterface
S_Map_Main_demo_Light02_01,48,24,1,Off,True,p_map_main_demo_arenamaininterface
S_Map_Main_demo_Light04,48,24,1,Off,True,p_map_main_demo_arenamaininterface
S_Map_Main_demo_Point01,12,6,1,Off,True,p_map_main_demo_arenamaininterface
S_Map_Main_demo_Ribbon02,4,2,1,Off,True,p_map_main_fightingarena
S_Map_Main_demo_Ribbon03,52,26,1,Off,True,p_map_main_demo_arenamaininterface
S_Map_Main_pubu_01,14,10,1,Off,True,p_map_main_tokyo
S_WorldMap_Conference_SHIP,2135,1343,1,Off,True,p_map_main_conference
S_hefu_M,4711,5490,1,Off,True,p_map_main_japaninterface
S_hefu_M,4711,5490,1,Off,True,p_map_main_japaninterface
S_item_exp,546,336,2,Off,True,eff_machine_item_exp,exp_debris,m_machine_01,p_gold_transcript_01
ScreenBoard_Time,4,2,1,Off,True,eff_arena_time,p_map_main_arena
ScreenBoard_score_01,8,4,1,Off,True,eff_arena_score,p_map_main_arena
ScreenBoard_score_02,8,4,1,Off,True,eff_arena_score,p_map_main_arena
ScreenBoard_score_03,8,4,1,Off,True,eff_arena_score,p_map_main_arena
ScreenBoard_score_04,8,4,1,Off,True,eff_arena_score,p_map_main_arena
Shadow,284,142,1,Off,True,p_map_main_bar
Shadow_Ground_Floor,18,12,1,Off,True,p_map_main_bar
Shadow_Ground_Ground,2041,1370,1,Off,True,p_map_main_mountaintemple
Shadow_Ground_Map_Main_Arena_Ground,80,56,2,Off,True,p_map_main_arena
Shadow_Ground_Map_Main_Courtyard_Ground02,4,2,1,Off,True,p_map_main_courtyard
Shadow_Ground__Map_Main_ClockTower2F,3852,2310,2,Off,True,p_map_main_clocktower2f
Skill_ball,216,296,2,Off,True,ui_skill_01
Sphere,323,528,1,Off,True,eff_ein_uniqueskills
Sphere-0,559,960,1,Off,True,eff_marierose_uniqueskills
Sphere001,206,352,1,Off,True,eff_ui_bollroot_unlock,ui_skill_01
Sphere001,296,480,1,Off,True,eff_alpha_152_uniqueskills,eff_tina_minskill,eff_tina_pose,eff_tina_uniqueskills
Sphere001,263,416,1,Off,True,eff_bass_uniqueskills,eff_buff_gedang,eff_genfu_uniqueskills,eff_leifang_minskill,eff_leifang_minskill_dlc01,eff_momiji_minskill,eff_momiji_minskill_dlc_01,eff_uidailytrainingprefab_hit2
Sphere001,121,216,1,Off,True,eff_alpha_152_uniqueskills,eff_bass_minskill,eff_bass_pose,eff_bass_uniqueskills,eff_christie_minskill,eff_christie_uniqueskills,eff_ein_minskill,eff_ein_pose,eff_ein_uniqueskills,eff_helena_uniqueskills,eff_helena_uniqueskills_dlc_02,eff_jiying_1,eff_jiying_2,eff_jiying_3,eff_jiying_4,eff_leifang_minskill,eff_leifang_minskill_dlc01,eff_uistarstonecardprefab_xingshi
Sphere001,264,448,1,Off,True,eff_ui_skill_beijing
Sphere001,206,352,1,Off,True,eff_suipian_02,uiherostarlevelpopup1prefab
Sphere001,263,416,1,Off,True,eff_leifang_uniqueskills
Sphere001,126,180,1,Off,True,eff_uiequipcultivatechildprefab_shenxing
Sphere001,296,480,1,Off,True,eff_ui_gezi_gongji
Sphere001,193,352,1,Off,True,eff_buff_gedang,eff_genfu_minskill,eff_genfu_uniqueskills,eff_tina_uniqueskills,uiteamflairpopup2prefab
Sphere001,187,320,1,Off,True,eff_ayane_uniqueskills02,eff_ayane_uniqueskills03,eff_helena_minskill,eff_helena_minskill_dlc_02,eff_kasumib_minskill 1
Sphere001,126,180,1,Off,True,eff_momiji_pose,eff_momiji_pose_dlc_01,eff_momiji_uniqueskills,gold_debris
Sphere001,559,960,1,Off,True,eff_ein_uniqueskills
Sphere001,198,320,1,Off,True,eff_hayateb_run,eff_helenab_01_uniqueskills
Sphere001,125,180,1,Off,True,eff_hayate_pose,eff_helenab_01_uniqueskills,eff_jiying_1,eff_jiying_2,eff_jiying_3,eff_jiying_4,eff_uiherozodiacdecomposeprefab_xinyun,eff_uistarstonecardprefab_xingshi,uiherozodiacbackpackprefab,uiherozodiacdecomposeprefab
Sphere001,121,216,1,Off,True,eff_ein_pose,eff_ein_uniqueskills,eff_elliot_pose,eff_genfu_minskill,eff_genfu_uniqueskills,eff_helena_minskill,eff_helena_minskill_dlc_02,eff_helena_uniqueskills,eff_helena_uniqueskills_dlc_02,eff_helenab_01_minskill,eff_helenab_01_uniqueskills,eff_hitomi_uniqueskills03,eff_leifang_minskill,eff_leifang_minskill_dlc01,eff_ty_jiesuo2,eff_uiguildmapprefab_jiesuo,uiherodanprefab,uiteamflairiconprefab
Sphere002,126,180,1,Off,True,eff_uiequipcultivatechildprefab_shenxing
Sphere003,126,180,1,Off,True,eff_uiequipcultivatechildprefab_shenxing
Sphere004,126,180,1,Off,True,eff_uiequipcultivatechildprefab_shenxing
Sphere005,126,180,1,Off,True,eff_uiequipcultivatechildprefab_shenxing
Sphere006,126,180,1,Off,True,eff_uiequipcultivatechildprefab_shenxing
Spoon,80,80,1,Off,True,p_map_main_coastalvillage
Stairs,1295,825,1,Off,True,p_map_main_mountaintemple
Torus001,65,96,1,Off,True,eff_ayane_minskill,eff_kasumib_minskill 1,eff_kokoro_minskill
Torus001,108,176,1,Off,True,eff_ayane_minskill,eff_nyotengu_minskill,eff_tina_uniqueskills
Training Center_000,18,12,1,Off,True,p_map_main_conference
Training Center_001,1130,580,1,Off,True,p_map_main_conference
Training Center_002,4199,3978,1,Off,True,p_map_main_conference
Training Center_003,7407,5349,2,Off,True,p_map_main_conference
Training Center_004,4795,2415,1,Off,True,p_map_main_conference
Training Center_005,180,90,1,Off,True,p_map_main_conference
UI_Map_Main_Pool_Toboggan01,8260,9806,4,Off,True,p_map_main_pool
UI_Map_Main_Pool_Toboggan_pagoda,2966,1968,2,Off,True,p_map_main_pool
UI_Map_Main_Pool_Toboggan_water,807,1028,1,Off,True,p_map_main_pool
Violet,46,50,1,Off,True,p_map_main_coastalvillage
Wall,183,109,1,Off,True,p_map_main_ninjia
Wall01,7949,4006,1,Off,True,p_map_main_russia_maininterface
Wall01,217,121,1,Off,True,p_map_main_mountaintemple
Wall01,8239,4694,1,Off,True,p_map_main_castle
Wall01,998,588,1,Off,True,p_map_main_chinatown
Wall02,77,47,1,Off,True,p_map_main_mountaintemple
Wall02,5054,2692,1,Off,True,p_map_main_castle
Wall02,11799,6516,1,Off,True,p_map_main_chinatown
Wall03,6862,3744,1,Off,True,p_map_main_chinatown
Wall03,146,161,1,Off,True,p_map_main_mountaintemple
Water,239,319,1,Off,True,p_map_main_dartactivities
Water,110,184,1,Off,True,p_map_main_gold
Water001,4,2,1,Off,True,p_map_main_japaninterface
Water002,4,2,1,Off,True,p_map_main_japaninterface_login
Water_01,40,36,1,Off,True,p_map_main_cabin
Water_02,191,258,1,Off,True,p_map_main_dartactivities
Water_02,32,42,1,Off,True,p_map_main_cabin
Water_03,203,287,1,Off,True,p_map_main_dartactivities
Water_03,324,376,1,Off,True,p_map_main_cabin
Water_04,60,72,1,Off,True,p_map_main_cabin
Windmill,8,4,1,Off,True,p_map_main_coastalvillage
Window,6244,3517,1,Off,True,p_map_main_chinatown
Wood,1144,639,1,Off,True,p_map_main_bar
Wood,5978,2891,1,Off,True,p_map_main_ninjia
Yellow,36,44,1,Off,True,p_map_main_pool_yellow
Yellow,46,50,1,Off,True,p_map_main_coastalvillage
ZheDang,12,8,1,Off,True,p_map_main_clocktower1f
addaoguang,74,72,1,Off,True,eff_leifang_minskill,eff_leifang_pose,eff_leifang_uniqueskills
banSp03_lx,263,416,1,Off,True,eff_elliot_uniqueskills
banSp04_lvxi001,263,416,1,Off,True,eff_ein_minskill,eff_ein_pose,eff_ein_uniqueskills,eff_elliot_uniqueskills
banSp04_lvxi002,263,416,1,Off,True,eff_elliot_pose,eff_marierose_uniqueskills
banlaqiu,54,75,1,Off,True,eff_alpha_152_minskill,eff_cmbo_daoguang2,eff_honoka_uniqueskills,eff_honoka_uniqueskills_dlc01,eff_kasumi_uniqueskills
bian,2548,1289,1,Off,True,p_map_main_russia_maininterface
biesan01body,644,698,1,Off,True,p_map_main_coastalvillage
biesan02_body,756,974,1,Off,True,p_map_main_coastalvillage
bird,212,206,1,Off,True,i_bird_01,p_map_main_cabin,p_map_main_cliff,p_map_main_gold,p_map_main_landingfield,p_map_main_ninjia
body,3308,4482,1,Off,True,m_ninjiaf_02
body,3333,4358,2,Off,True,p_map_main_pool,p_map_main_richman,s_kokoro_01
body,6436,7885,2,Off,True,p_map_main_pool,p_map_main_richman
body,5326,7013,2,Off,True,p_map_main_pool,p_map_main_richman
body,6676,8498,2,Off,True,h_helenadouglas_01
body,10995,12221,2,Off,True,h_nyotengu_dlc_01
body,4758,8192,2,Off,True,i_robot_02
body,8537,12250,3,Off,True,h_kasumi_op
body,1314,1914,1,Off,True,h_blackman_01
body,4189,5412,1,Off,True,h_bradwong_01
body,5187,6329,2,Off,True,h_phase4_dlc_01
body,4523,5664,1,Off,True,h_janlee_dlc_01
body,3656,5110,1,Off,True,h_rig_01
body,6849,7830,2,Off,True,h_momiji_01
body,1418,1410,1,Off,True,p_map_main_gold,p_map_main_poolinterface_login
body,7433,9853,2,Off,True,h_kasumi_01
body,7951,11064,3,Off,True,h_ayaneb_01
body,7594,8301,1,Off,True,h_rig_dlc_01
body,2396,2978,1,Off,True,m_ninjiam_01,m_ninjiam_01s
body,7538,9220,3,Off,True,h_honoka_dlc_01
body,2972,3695,1,Off,True,p_map_main_japaninterface
body,5075,6104,1,Off,True,h_janlee_01
body,3711,4404,1,Off,True,m_ninjiam_03
body,2972,3695,1,Off,True,m_ninjiam_02
body,1137,1543,1,Off,True,m_soldierf_01
body,5682,7226,2,Off,True,h_leifang_dlc_01
body,3431,4252,1,Off,True,eff_ninjia_trailing01,eff_ninjia_trailing02,m_ninjiam_04s
body,754,298,1,Off,True,eff_buff_revive
body,3144,4594,1,Off,True,h_zack_01
body,8225,11708,3,Off,True,h_leifang_01
body,924,1324,1,Off,True,m_soldierm_01
body,7206,7769,2,Off,True,h_tina_dlc_01
body,5476,6811,2,Off,True,h_hayate_01
body,4088,4838,1,Off,True,h_hayabusa_dlc_01
body,8063,7759,1,Off,True,h_zackgold_01,p_map_main_conference
body,2108,2390,1,Off,True,m_soldierm_03
body,8664,10965,3,Off,True,h_leon_01
body,4850,5825,2,Off,True,h_zackreporter_01
body,1395,1645,1,Off,True,m_soldierm_02
body,6932,7647,2,Off,True,h_ayane_dlc_01
body,3160,3563,2,Off,True,m_tiangoum_01
body,5924,7379,2,Off,True,h_kasumib_dlc_01
body,13149,16517,4,Off,True,h_kokoro_01
body,2540,3784,1,Off,True,h_alpha152_01
body,5439,7709,2,Off,True,h_bassb_01
body,5187,6329,2,Off,True,h_kasumialpha_01
body,1819,2251,1,Off,True,p_map_main_japaninterface
body,1819,2251,1,Off,True,p_map_main_japaninterface
body,1476,1861,1,Off,True,m_soldierf_02
body,3865,4820,3,Off,True,h_bass_01
body,6390,8288,3,Off,True,s_kasumi_02,s_kasumi_02_battle
body,10412,11308,3,Off,True,h_marierose_01
body,6309,7931,2,Off,True,h_kokoro_dlc_02
body,268,339,1,Off,True,eff_christie_minskill,eff_christie_uniqueskills
body,3473,3780,3,Off,True,m_tiangoum_02
body,8171,10822,3,Off,True,h_tina_01
body,1249,1337,1,Off,True,p_map_main_coastalvillage
body,7714,10998,3,Off,True,h_christie_01
body,1956,2338,1,Off,True,q_rose_2
body,3566,3587,2,Off,True,m_gangm_02
body,570,640,1,Off,True,p_map_main_cabin,p_map_main_chaptertwo_temple,p_map_main_cliff,p_map_main_dartactivities
body,6507,7410,1,Off,True,m_figtermen_02
body,2918,3235,1,Off,True,m_gangm_01,p_map_main_russia
body,8214,10914,2,Off,True,h_ayane_01
body,3928,4335,3,Off,True,m_tiangoum_03
body,7190,7661,1,Off,True,h_bayman_dlc_01
body,9478,12099,3,Off,True,h_helenadouglasb_01
body,1860,1846,1,Off,True,q_sodierm_01
body,2732,3763,2,Off,True,h_genfu_01
body,7454,9128,2,Off,True,h_marierose_dlc_02
body,8456,11198,3,Off,True,h_ein_01
body,5764,7509,3,Off,True,h_rachel_dlc_01
body,6063,8146,3,Off,True,h_eliot_dlc_01
body,5958,7615,2,Off,True,s_helenadouglas_01,s_helenadouglas_01_battle
body,3519,4662,1,Off,True,h_mariposa_01
body,1312,1892,1,Off,True,q_fatgang_01
body,1835,2393,1,Off,True,m_fatgang_01
body,5521,6945,1,Off,True,m_fighterwomen02
body,1716,2548,1,Off,True,h_raidou_01
body,4558,5754,1,Off,True,m_figtermen_01
body,9710,11235,2,Off,True,h_nyotengu_01
body,2130,3060,1,Off,True,q_mila_01
body,2926,3168,2,Off,True,m_fatgang_02
body,3313,4218,1,Off,True,m_fighterwomen01
body,1956,2338,1,Off,True,p_map_main_arena
body,4850,5825,2,Off,True,p_map_main_bar
body,2363,3453,1,Off,True,m_ninjiaf_01,m_ninjiaf_01s
body,7190,7661,1,Off,True,p_map_main_bar
body,3532,4174,1,Off,True,h_rachel_01
body,8951,10555,3,Off,True,h_hayabusa_01
body,3587,4738,1,Off,True,h_bayman_01
body,6669,7555,2,Off,True,p_map_main_bar
body,1857,2022,1,Off,True,p_map_main_cabin,p_map_main_chaptertwo_temple,p_map_main_cliff,p_map_main_dartactivities,p_map_main_germantown,p_map_main_ninjia
body,6572,8336,3,Off,True,h_hayate_dlc_01
body,931,804,1,Off,True,eff_hayateb_uniqueskills
body,4758,8192,2,Off,True,i_robot_01
body,6676,8498,2,Off,True,p_map_main_bar
body,11663,11818,3,Off,True,h_momiji_dlc_01
body,9187,12026,3,Off,True,h_elliot_01
body,7558,10485,3,Off,True,eff_kasumib_pose,h_kasumib_01
body,7238,10729,3,Off,True,h_hitomi_01
body,13216,14358,4,Off,True,h_raidou_dlc_01
body,4154,4708,2,Off,True,h_mila_01
body,6150,7904,2,Off,True,s_kasumi_01,s_kasumi_01_battle
body,7209,8611,2,Off,True,h_helenadouglas_dlc_01
body,7146,9754,2,Off,True,h_hayateb_01
body,9689,12774,3,Off,True,h_honoka_01
body01,2949,4127,1,Off,True,h_phase4_01
body1,10046,12615,3,Off,True,h_mariposab_01
body5,6207,6839,2,Off,True,h_mila_dlc_01
body_glass,22,20,1,Off,True,h_raidou_01
chest_04a,304,324,1,Off,True,levelbox
chest_04b,296,306,1,Off,True,levelbox
cy05_lvxi,38,36,1,Off,True,eff_marierose_pose
daoguang01,84,52,1,Off,True,eff_kasumib_minskill,eff_kasumib_uniqueskills
daoguang011,90,80,1,Off,True,eff_rig_uniqueskills,eff_rig_uniqueskills_dlc_01
daoguang02,83,72,1,Off,True,eff_kasumib_uniqueskills
daoguang06,26,24,1,Off,True,eff_kasumi_uniqueskills
daoguang07,22,20,1,Off,True,eff_bradwong_minskill,eff_kasumi_minskill,eff_kokoro_minskill,eff_mariposa_minskill
daoguang09,44,40,1,Off,True,eff_hayateb_doubleuniqueskills,eff_hayateb_minskill,eff_janlee_minskill,eff_janlee_uniqueskills,eff_phase4_minskill,eff_rachel_minskill,eff_rig_minskill,eff_rig_minskill_dlc_01,eff_rig_pose,eff_rig_pose_dlc_01,eff_rig_uniqueskills,eff_rig_uniqueskills_dlc_01
dg01_lvxi,88,84,1,Off,True,eff_marierose_minskill
dg02_lvxi,76,72,1,Off,True,eff_ein_minskill,eff_ein_pose,eff_ein_uniqueskills,eff_elliot_uniqueskills
dg03_lvxi,50,64,1,Off,True,eff_marierose_uniqueskills
dg04_lvxi,100,96,1,Off,True,eff_ein_minskill,eff_ein_pose,eff_ein_uniqueskills,eff_elliot_minskill,eff_elliot_uniqueskills,eff_marierose_uniqueskills
dizmian,10,8,1,Off,True,eff_avgqteplay,eff_battle_evaluation,eff_card_qualification,eff_changjing_chouka,eff_changjing_fashon,eff_changjing_shengxing,eff_guildbattle_prompt01,eff_guildbattle_prompt02,eff_guildbattle_prompt03,eff_map_main_logo,eff_panel_complete,eff_qte_evaluation,eff_soldierm_01,eff_soldierm_02,eff_ui_avg,eff_ui_chouka_4,eff_ui_line3,eff_ui_map_qiehuan,eff_ui_uiteamflairpopup2prefab_shengji,eff_ui_uniqueskills,eff_ui_uniqueskills_1,eff_ui_uniqueskills_2,eff_ui_uniqueskills_3,eff_ui_uniqueskills_4,eff_uiguildleveluptips,eff_uisentelikeprefab_sydj,eff_zhandou_guochang,eff_zhandou_guochang2,eff_zhandou_guochang_3,uicombatprefab,uidwacombatprefab,uiguildbossitemprefab,uiguildleveluptips,uiteamflairpopup2prefab
dizuoshzi,24,20,1,Off,True,eff_ryuhayabusa_uniqueskills
fuck,42,40,1,Off,True,eff_alpha_152_minskill
ground,924,495,1,Off,True,p_map_main_towerbridge
hamrhead,2287,3656,3,Off,True,p_map_main_coastalvillage,p_map_main_gold
hean,1356,760,1,Off,True,p_map_main_towerbridge
hean02,635,319,1,Off,True,p_map_main_towerbridge
j,226,100,1,Off,True,eff_buff_leader_gongji
langan,20643,12185,1,Off,True,p_map_main_towerbridge
laotou_3:Group59184,1130,1518,1,Off,True,p_map_main_coastalvillage,p_map_main_courtyard,p_map_main_ninjia
laotou_3:laotou_3:polySurface2,1178,1706,1,Off,True,p_map_main_cabin,p_map_main_cliff,p_map_main_coastalvillage,p_map_main_courtyard,p_map_main_ninjia
line01,93,120,1,Off,True,eff_kasumib_uniqueskills
line02,14,12,1,Off,True,eff_kasumib_uniqueskills
loftedSurface1,52,28,1,Off,True,eff_touxiang_xuanzhong,uiacquiregoodsprefab,uialbumbreakthrough,uiemailattachmentcellprefab,uiequipview,uigoodsprefab,uiheroleverupprefab,uiheroleverupprefabnew,uiherotipsprefab,uiherozodiacbackpackcellprefab,uioacandiesexchangecellprefab,uioacandiespopupprefab,uioacandiessendcellprefab,uioacoinexchangecellprefab,uioacoinsendcellprefab,uioafireworksexchangecellprefab,uioafireworkssendcellprefab,uioagoodexchangecellprefab,uioagrowupcellprefab,uioarechargecellprefab,uioazongziexchangecellprefab,uioazongzisendcellprefab,uitournamentchoosecellprefab,uitrialgoodsprefab
loftedSurface1,52,28,1,Off,True,eff_ui_uiarenarankingprefab_gezi1,uiarenaawarditem,uitrialawarditem
loftedSurface1,52,28,1,Off,True,eff_frame,eff_frame_xiao,uiletterchallenge,uioafirstrechargeprefab,uiresourcejumpprefab,uisignprefab,uitaskviewprefab
loftedSurface1,52,28,1,Off,True,eff_touxiang_xuanzhong,eff_ui_buff_chenmo,eff_ui_buff_fengying,uiacquiregoodsprefab,uialbumbreakthrough,uigoodsprefab,uioacandiesexchangecellprefab,uioacandiespopupprefab,uioacandiessendcellprefab,uioacoinexchangecellprefab,uioacoinsendcellprefab,uioafireworksexchangecellprefab,uioafireworkssendcellprefab,uioagoodexchangecellprefab,uioagrowupcellprefab,uioarechargecellprefab,uioazongziexchangecellprefab,uioazongzisendcellprefab,uitrialgoodsprefab
loftedSurface1,52,28,1,Off,True,eff_ui_uiarenarankingprefab_gezi,eff_ui_uiarenarankingprefab_gezi1
loftedSurface1,48,36,1,Off,True,eff_ui_uiarenaintegralprefab_gezi,eff_uistarstonetaskenteritemhelp_wancneng,uiarenaintegralitem,uistarstonetaskenteritem,uistarstonetaskenteritemhelp,uitournamentawarditem
loftedSurface1,52,28,1,Off,True,eff_ui_uiarenarankingprefab_gezi
lumian01,159,94,1,Off,True,p_map_main_russia_maininterface
lumian02,694,547,1,Off,True,p_map_main_russia_maininterface
luoxuan04,57,72,1,Off,True,eff_leifang_uniqueskills
metal,5952,4291,1,Off,True,p_map_main_towerbridge
mian1,4,2,1,Off,True,eff_kasumib_minskill 1,eff_soldierm_03,kaidong_01
mian1,4,2,1,Off,True,eff_addren_01,eff_alpha_152_minskill,eff_ayane_uniqueskills03,eff_body_shengxing,eff_combo,eff_conmmon_defend,eff_guildbattle_prompt01,eff_guildbattle_prompt02,eff_guildbattle_prompt03,eff_huoche_ka,eff_jiying_1,eff_jiying_2,eff_jiying_3,eff_jiying_4,eff_kasumi_kaichang,eff_lingliu_01,eff_map_main_camera,eff_map_main_gold_dengguang,eff_map_main_logo,eff_marierose_minskill_dlc01,eff_marierose_minskill_dlc02,eff_marierose_uniqueskills,eff_ryuhayabusa_minskill,eff_ryuhayabusa_pose_cam,eff_ryuhayabusa_uniqueskills,eff_safe_attion,eff_silent,eff_soldierf_01,eff_soldierf_02,eff_soldierm_03,eff_ui_map_qiehuan,eff_ui_uiloading1prefab_2,eff_ui_uiwustudynew_kjs,eff_ui_uiwustudynew_one_cn,eff_ui_uiwustudynew_ten_cn,eff_ui_uniqueskills,eff_ui_vertigo,eff_uiguildbattleprefab_banner,eff_uiguildbattleprefab_duizhan,eff_uiguildbattleprefab_saiji,eff_uiguildlottery_dengguang,eff_uiherodanprefab_tupo,eff_uiherozodiacdecomposeprefab_xinyun,eff_uilevelprefab_1,eff_uilevelprefab_1_1,eff_uilevelprefab_2,eff_uilevelprefab_3,eff_uilevelprefab_5,eff_uilevelprefab_6,eff_uilevelprefab_7,eff_uilevelprefab_8,eff_uilevelprefab_9,eff_uilevelprefab_gh,eff_uilevelprefab_gh_1,eff_uilevelprefab_gh_2,eff_vertigo,eff_zhandou_guochang,eff_zhandou_guochang2,eff_zhandou_guochang_3,p_map_main_bar,p_map_main_gold,uichapterview,uicombatprefab,uidrawcardheroprefab,uidwacombatprefab,uiequipview,uifunctiontrailerprefab_new,uiguildbosslibrarycardprefab,uiherodanprefab,uiherozodiacbackpackprefab,uiherozodiacdecomposeprefab,uilibrarycardprefab,uiloading,uiloading1prefab,uiloading7prefab,uiloginprefab1,uimainprefab,uiwustudynew
obj02_lvxi,4,2,1,Off,True,eff_ein_minskill,eff_ein_uniqueskills,eff_elliot_uniqueskills,eff_leifang_minskill,eff_leifang_pose,eff_leifang_uniqueskills,eff_marierose_minskill,eff_marierose_pose,eff_marierose_uniqueskills
objBox05,1295,1802,2,Off,True,p_map_main_cabin
pCylinder1,122,120,1,Off,True,eff_buff_anger_increase,eff_buff_anger_reduce,eff_equipment_background,eff_kokoro_uniqueskills02,eff_mariposa_minskill,eff_pool_camera_speedline_end,eff_pool_camera_speedline_start,eff_uideseno,eff_zack_uniqueskills,s_main_map_dailyhigher_pata_prize,trialprize,uidesenolprefab
pCylinder1,122,120,1,Off,True,eff_bayman_uniqueskills,eff_buff_revive,eff_christie_uniqueskills,eff_cmbo_time,eff_equipment_background,eff_equipment_open,eff_pool_camera_speedline_end,eff_pool_camera_speedline_start,eff_ui_uiwustudynew_juese_one_cn,eff_ui_uiwustudynew_juese_ten_cn,eff_uideseno,eff_zack_minskill,eff_zack_uniqueskills,p_map_main_equipmentevolution,s_main_map_dailyhigher_pata_prize,trialprize,uidesenolprefab,uidrawcardheroprefab
pCylinder1,7,6,1,Off,True,eff_ui_uiteamflairprefab_xzbj_cheng,eff_ui_uiteamflairprefab_xzbj_hong,eff_ui_uiteamflairprefab_xzbj_lan,eff_ui_uiteamflairprefab_xzbj_zi
pCylinder1,72,70,1,Off,True,eff_buff_revive,eff_elliot_uniqueskills,eff_equipment,eff_equipment_box,eff_equipment_open,eff_janlee_minskill,eff_janlee_uniqueskills,eff_leon_minskill,eff_light_beam,eff_momiji_uniqueskills,eff_pata_prize,eff_phase4_minskill,eff_raidou_minskill,eff_raidou_minskill_dlc_01,eff_raidou_uniqueskills,eff_raidou_uniqueskills_dlc_01,eff_rig_uniqueskills,eff_rig_uniqueskills_dlc_01,eff_scence_buff,eff_tina_uniqueskills,kong,kong_lock,kong_lock_black,p_map_main_equipmentevolution,uidailygoalsview,uidesenolprefab
pCylinder1,189,320,1,Off,True,eff_buff_anger_reduce
pCylinder1,72,70,1,Off,True,eff_fighter_revivie,eff_marieroes_dlc_02_idle,eff_pata_prize,eff_phase4_hit,eff_phase4_minskill,eff_phase4_pose,eff_zack_minskill,eff_zack_pose,eff_zack_uniqueskills,uifighterrebirthprefab
pCylinder2,130,150,1,Off,True,eff_ayane_minskill,eff_hitomi_minskill
pPipe1,42,40,1,Off,True,eff_ayanehands_attack01,eff_ayanehands_attack01_fire,eff_ayanehands_attack02,eff_ayanehands_attack02_fire,eff_ayanehands_attack03,eff_ayanehands_attack03_fire
pPipe1,126,120,1,Off,True,eff_equipment_open,p_map_main_equipmentevolution
pPlane1,4,2,1,Off,True,eff_cruise_card
pPlane1,32,30,1,Off,True,eff_earth_03,uirandomcard2prefab
pPlane1,6,4,1,Off,True,eff_cruise_card
pPlane1,4,2,1,Off,True,eff_anger_entirely_l,eff_anger_entirely_r,eff_anger_returning,eff_anger_slider,eff_arena_base01,eff_arena_base02,eff_arena_base03,eff_avgqteplay,eff_ayane_uniqueskills01,eff_ayane_uniqueskills02,eff_ayane_uniqueskills03,eff_ayanehands_pose,eff_battle_plus,eff_bayman_uniqueskills,eff_blood_returning,eff_body_shengxing,eff_bradwong_minskill,eff_bradwong_uniqueskills,eff_buff_anger_increase,eff_buff_anger_reduce,eff_buff_curse,eff_buff_revive,eff_cmbo_daojishi,eff_combat_down,eff_combat_effectiveness,eff_combat_up,eff_competition_line03,eff_competition_vs,eff_consume_star,eff_elliot_uniqueskills_feedback,eff_equipment,eff_equipment_box,eff_equipment_open,eff_equipment_stone,eff_fighter_revivie,eff_fire_bg,eff_guild_contribution01,eff_guild_contribution02,eff_guild_contribution03,eff_guild_progressbar,eff_guild_rankings01,eff_guild_rankings02,eff_guild_rankings03,eff_halo_attack,eff_halo_defense,eff_halo_life,eff_halo_wealth,eff_hayateb_doubleuniqueskills,eff_hayateb_run,eff_honor_team01,eff_honor_team02,eff_honor_team03,eff_honor_team04,eff_honor_team05,eff_honor_team06,eff_janlee_hit,eff_janlee_minskill,eff_janlee_pose,eff_janlee_uniqueskills,eff_kasumi_attack,eff_kasumi_minskill,eff_kasumi_pose,eff_kasumi_uniqueskills,eff_kokoro_minskill,eff_kokoro_uniqueskills01,eff_kokoro_uniqueskills02,eff_leon_hit,eff_leon_minskill,eff_leon_pose,eff_leon_uniqueskills,eff_liking_degree,eff_limitless_fire,eff_lock_target,eff_main_map,eff_mariposa_minskill,eff_mariposa_uniqueskills,eff_mila_minskill,eff_mila_uniqueskills,eff_momiji_hit2,eff_momiji_hit_dlc_01,eff_ninjia_trailing,eff_ninjia_trailing01,eff_nyotengu_hit,eff_nyotengu_uniqueskills,eff_panel_base,eff_pata_prize,eff_phase4_pose,eff_plus_sign,eff_pool_water,eff_prop_rim,eff_qte_button,eff_qte_clicked,eff_qte_clicked_fade,eff_qte_color_change,eff_qte_cue,eff_qte_cue_fade,eff_qte_fail,eff_qte_fighting,eff_qte_produce,eff_qte_produce_fade,eff_qte_white,eff_rachel_hit,eff_range_selection,eff_red_packet_jb,eff_red_packet_ky,eff_red_packet_zs,eff_ring_scale,eff_rolling,eff_rotate_bg,eff_scence_buff,eff_selected_blue,eff_sente_title_change,eff_shield,eff_sports_background,eff_surfing_slide,eff_three_stars,eff_tina_pose,eff_tina_uniqueskills,eff_trial_integral,eff_trial_position,eff_ui_line,eff_ui_main_demo_stance01_off,eff_ui_main_demo_stance_on,eff_ui_poolparty,eff_ui_progress_bar,eff_ui_uiteamflairpopup2prefab_shengji,eff_uiguildmapprefab_beijing,eff_uiguildmapprefab_xbz,eff_uiherodanprefab_shengji,eff_uiwustudy_beijing,eff_zack_hit,eff_zack_hit02,eff_zack_island_gold,eff_zack_minskill,eff_zack_pose,eff_zack_uniqueskills,embattleposeffect,kong,kong_lock,kong_lock_black,led,p_map_main_equipmentevolution,panel_finish_star,panel_finish_star2,placearea,placearea_two,s_main_map_dailyhigher_pata_prize,trialprize,uiactivityfinishprefab,uicloneprefab,uicombatliftprefab,uidailygoldprefab,uidailyslideprefab,uidailyswimmingprefab,uidesenolprefab,uidwacombatprefab,uifighterrebirthprefab,uifightpowerchangeprefab,uifinishprefab,uifunctiontrailerprefab_new,uiguidedemonstrationprefab,uiguideprefab,uiguildbossitemprefab,uiguildcollectprefab,uiguildlottery,uiguildmapprefab,uiguildredpacketprefab,uiguildresearchprefab,uiherocultivateprefab,uiherodanprefab,uiherointroprefab,uipropprefab,uirandomcard2prefab,uisentelikeprefab,uislidepopup2prefab_new,uistarstonecardgoodsprefab,uiteamflairpopup2prefab,uitrialfinishprefab,uitrialprefab,uitrialselectbuffprefab,uitrialselectdifficultyprefab,uizodiacdefense
pPlane1,17,20,1,Off,True,uiarenatheirranksprefab,uifriendtheirranksprefab
pPlane1,10,8,1,Off,True,uistarstoneemail
pPlane1,4,2,1,Off,True,eff_range_selection,placearea,placearea_two
pPlane1,121,200,1,Off,True,eff_kokoro_uniqueskills02,eff_leon_uniqueskills,eff_mila_minskill,eff_mila_uniqueskills,eff_zack_uniqueskills
pPlane1a,4,2,1,Off,True,eff_buff_anger_increase,eff_buff_purge,eff_buff_revive,eff_combat_down,eff_combat_up,eff_ui_bollroot_upgrade,eff_ui_line3,uicombatliftprefab,uifightpowerchangeprefab
pPlane2,4,2,1,Off,True,eff_ladder_passway,uifriendtheirranksprefab
pPlane2,81,128,1,Off,True,eff_cruise_card
pPlane2,36,34,1,Off,True,eff_competition_line01,eff_competition_line02
pPlane2,8,6,1,Off,True,uiarenatheirranksprefab,uifriendtheirranksprefab
pPlane2,146,50,1,Off,True,eff_ui_uiarena_jiangbei_loop_01,eff_ui_uiarena_jiangbei_loop_02,eff_ui_uiarena_jiangbei_loop_03,eff_ui_uiarena_jiangbei_loop_04,eff_ui_uiarena_jiangbei_loop_05,eff_ui_uiarena_jiangbei_loop_06,eff_ui_uiarena_jiangbei_loop_08,eff_ui_uiarena_jiangbei_loop_09,eff_ui_uiarena_jiangbei_loop_10,eff_ui_uiarena_jiangbei_open_01,eff_ui_uiarena_jiangbei_open_02,eff_ui_uiarena_jiangbei_open_03,eff_ui_uiarena_jiangbei_open_04,eff_ui_uiarena_jiangbei_open_05,eff_ui_uiarena_jiangbei_open_06,eff_ui_uiarena_jiangbei_open_09
pPlane2,146,50,1,Off,True,eff_ui_uiarena_jiangbei_loop_07,eff_ui_uiarena_jiangbei_open_07
pPlane3,8,4,1,Off,True,eff_janlee_hit,eff_janlee_minskill,eff_janlee_pose,eff_janlee_uniqueskills,eff_leon_uniqueskills,eff_ninjia_trailing,eff_ryuhayabusa_pose
pPyramid1,16,6,1,Off,True,levelbox
pPyramid1,15,5,1,Off,True,eff_bayman_uniqueskills,eff_mariposa_uniqueskills,eff_ninjia_die,eff_pool_water,eff_rig_minskill,eff_rig_minskill_dlc_01
pPyramid1,12,4,1,Off,True,levelbox
pPyramid1,40,18,1,Off,True,eff_equipment,eff_equipment_open,p_map_main_equipmentevolution
pSphere1,230,380,1,Off,True,eff_leon_pose
pSphere1,380,180,1,Off,True,eff_buff_curse
pSphere1,359,612,1,Off,True,eff_shield
pSphere2,57,104,1,Off,True,eff_bayman_uniqueskills
pSphere2,121,225,1,Off,True,eff_janlee_minskill,eff_kokoro_uniqueskills02,eff_mila_minskill,eff_mila_uniqueskills
penquan01,358,552,1,Off,True,p_map_main_castle
plane08,45,64,1,Off,True,eff_kasumib_minskill,eff_kasumib_uniqueskills
polySurface1,102,99,1,Off,True,eff_raidou_idle2
polySurface1,85,96,1,Off,True,eff_kokoro_minskill,eff_leon_minskill
polySurface1,21,21,1,Off,True,eff_equipment_open,p_map_main_equipmentevolution
polySurface1,108,96,1,Off,True,eff_marieroes_dlc_02_idle2
polySurface1,85,96,1,Off,True,eff_bayman_minskill,eff_bayman_uniqueskills,eff_christie_minskill,eff_christie_uniqueskills,eff_hayateb_uniqueskills,eff_helena_minskill,eff_helena_minskill_dlc_02,eff_helenab_01_minskill,eff_helenab_01_uniqueskills,eff_raidou_minskill,eff_raidou_minskill_dlc_01,eff_raidou_uniqueskills,eff_raidou_uniqueskills_dlc_01,eff_ryuhayabusa_minskill,eff_ryuhayabusa_uniqueskills
polySurface12,19,18,1,Off,True,eff_shield
polySurface14,22,18,1,Off,True,eff_shield
polySurface15,57,54,1,Off,True,eff_shield
polySurface16,19,18,1,Off,True,eff_shield
polySurface17,38,36,1,Off,True,eff_shield
polySurface18,19,18,1,Off,True,eff_shield
polySurface19,19,18,1,Off,True,eff_shield
polySurface20,38,36,1,Off,True,eff_shield
polySurface23,3048,3160,1,Off,True,eff_janlee_uniqueskills
polySurface3,41,36,1,Off,True,eff_shield
polySurface36,4,2,1,Off,True,eff_ui_chouka_1,eff_ui_chouka_2,eff_ui_chouka_3,eff_ui_chouka_4
polySurface38,5,3,1,Off,True,eff_ui_chouka_1,eff_ui_chouka_2,eff_ui_chouka_3,eff_ui_chouka_4
polySurface4,122,98,1,Off,True,eff_marieroes_dlc_02_idle2
polySurface40,945,1266,1,Off,True,p_map_main_chaptertwo_temple,p_map_main_cliff
polySurface40,4,2,1,Off,True,eff_ui_chouka_1,eff_ui_chouka_2,eff_ui_chouka_3,eff_ui_chouka_4
polySurface42,5,3,1,Off,True,eff_ui_chouka_1,eff_ui_chouka_2,eff_ui_chouka_3,eff_ui_chouka_4
polySurface44,5,3,1,Off,True,eff_ui_chouka_1,eff_ui_chouka_2,eff_ui_chouka_3,eff_ui_chouka_4
polySurface46,5,3,1,Off,True,eff_ui_chouka_1,eff_ui_chouka_2,eff_ui_chouka_3,eff_ui_chouka_4
polySurface48,4,2,1,Off,True,eff_ui_chouka_1,eff_ui_chouka_2,eff_ui_chouka_3,eff_ui_chouka_4
polySurface5,26,16,1,Off,True,eff_equipment_open,p_map_main_equipmentevolution
polySurface5,647,536,1,Off,True,eff_buff_leader_fangyu
polySurface50,6,4,1,Off,True,eff_ui_chouka_1,eff_ui_chouka_2,eff_ui_chouka_3,eff_ui_chouka_4
polySurface52,4,2,1,Off,True,eff_ui_chouka_1,eff_ui_chouka_2,eff_ui_chouka_3,eff_ui_chouka_4
polySurface54,5,3,1,Off,True,eff_ui_chouka_1,eff_ui_chouka_2,eff_ui_chouka_3,eff_ui_chouka_4
polySurface56,4,2,1,Off,True,eff_ui_chouka_1,eff_ui_chouka_2,eff_ui_chouka_3,eff_ui_chouka_4
polySurface58,6,4,1,Off,True,eff_ui_chouka_1,eff_ui_chouka_2,eff_ui_chouka_3,eff_ui_chouka_4
polySurface7,21,21,1,Off,True,eff_equipment_open,p_map_main_equipmentevolution
polySurface7,343,328,1,Off,True,eff_uidailytrainingprefab_suo,kong_lock,kong_lock_black
polySurface8,57,54,1,Off,True,eff_shield
qiliuhuan,72,108,1,Off,True,eff_honoka_minskill,eff_honoka_minskill_dlc01,eff_kokoro_uniqueskills02,eff_phase4_minskill
qumian1,26,24,1,Off,True,eff_angerdecreases,eff_angerreply,eff_body_shengxing,eff_buff_anger_increase,eff_buff_anger_reduce,eff_buff_purge,eff_nyotengu_uniqueskills
qx02_lvxi-2,69,88,1,Off,True,eff_ein_uniqueskills,eff_marierose_uniqueskills
river,20,16,1,Off,True,p_map_main_towerbridge
rock,2546,3559,1,Off,True,p_map_main_mountaintemple
roof,28,14,1,Off,True,p_map_main_towerbridge
s_Map_Main_Bar_Ball,310,480,1,Off,True,p_map_main_bar
shiban,202,106,1,Off,True,p_map_main_ninjia
shizi,8,4,1,Off,True,eff_ayane_pose,eff_ayane_uniqueskills01,eff_ayane_uniqueskills02,eff_ayane_uniqueskills03,eff_buff_leader_fangyu,eff_buff_leader_gongji,eff_christie_minskill,eff_christie_uniqueskills,eff_genfu_minskill,eff_helenab_01_uniqueskills,eff_honoka_uniqueskills,eff_honoka_uniqueskills_dlc01,eff_map_main_juese_xiaoshi,eff_mariposab_01_minskill,eff_phase4_minskill,eff_ryuhayabusa_minskill,eff_ryuhayabusa_uniqueskills
shizi77,90,86,1,Off,True,eff_hitomi_minskill,eff_hitomi_uniqueskills02,eff_level_02,eff_momiji_minskill,eff_ui_zhuangbei_sj,uiherocultivateprefab
shizidao,68,64,1,Off,True,eff_helena_uniqueskills,eff_helena_uniqueskills_dlc_02
shizidao,68,64,1,Off,True,eff_helena_uniqueskills,eff_helena_uniqueskills_dlc_02,eff_kasumib_minskill 1
shumian,4,2,1,Off,True,eff_ayane_minskill,eff_ayane_pose,eff_christie_minskill,eff_christie_uniqueskills,eff_helena_uniqueskills,eff_helena_uniqueskills_dlc_02,eff_momiji_uniqueskills,eff_rachel_pose,eff_uiguildmapprefab_slz,uiguildmapprefab,uilevelopenprefab
skill_Level_01_a,4,2,1,Off,True,ui_skill_01
skill_Level_01_b,4,2,1,Off,True,ui_skill_01
skill_Level_02_a,4,2,1,Off,True,ui_skill_01
skill_Level_02_b,4,2,1,Off,True,ui_skill_01
skill_Level_03_a,4,2,1,Off,True,ui_skill_01
skill_Level_03_b,4,2,1,Off,True,ui_skill_01
skill_Level_04_a,4,2,1,Off,True,ui_skill_01
skill_Level_04_b,4,2,1,Off,True,ui_skill_01
skill_Level_05_a,4,2,1,Off,True,ui_skill_01
skill_Level_05_b,4,2,1,Off,True,ui_skill_01
skill_Level_06_a,4,2,1,Off,True,ui_skill_01
skill_Level_06_b,4,2,1,Off,True,ui_skill_01
skill_Level_07_a,4,2,1,Off,True,ui_skill_01
skill_Level_07_b,4,2,1,Off,True,ui_skill_01
skill_Level_08_a,4,2,1,Off,True,ui_skill_01
skill_Level_08_b,4,2,1,Off,True,ui_skill_01
skill_Level_09_a,4,2,1,Off,True,ui_skill_01
skill_Level_09_b,4,2,1,Off,True,ui_skill_01
skill_Level_10_a,4,2,1,Off,True,ui_skill_01
skill_Level_10_b,4,2,1,Off,True,ui_skill_01
sphere,65,112,1,Off,True,eff_bass_minskill,eff_genfu_hit,eff_genfu_uniqueskills,eff_momiji_minskill,eff_momiji_minskill_dlc_01,eff_nyotengu_uniqueskills
sptaij01_LX,152,240,1,Off,True,eff_leifang_minskill,eff_leifang_pose,eff_leifang_uniqueskills
sptaij01_LX-1,108,60,1,Off,True,eff_leifang_minskill,eff_leifang_pose,eff_leifang_uniqueskills
sptaij02_LX,152,240,1,Off,True,eff_leifang_minskill,eff_leifang_pose,eff_leifang_uniqueskills
sptaij02_LX-1,108,60,1,Off,True,eff_leifang_minskill,eff_leifang_pose,eff_leifang_uniqueskills
star_01a,272,100,1,Off,True,panel_finish_star,panel_finish_star2,uiactivityfinishprefab,uifinishprefab,uislidepopup2prefab_new,uitrialfinishprefab
star_01b,160,120,1,Off,True,panel_finish_star,panel_finish_star2,uiactivityfinishprefab,uifinishprefab,uislidepopup2prefab_new,uitrialfinishprefab
stone,1710,972,1,Off,True,p_map_main_ninjia
suoqiu,181,320,1,Off,True,eff_jiying_1,eff_jiying_2,eff_jiying_3,eff_jiying_4,eff_kasumi_kaichang,uifunctiontrailerprefab_new
szmPlane002,8,4,1,Off,True,eff_ein_uniqueskills,eff_elliot_uniqueskills
tading,394,276,1,Off,True,p_map_main_towerbridge
toutie,8035,2931,1,Off,True,p_map_main_russia_maininterface
toutie,10264,4590,1,Off,True,p_map_main_mountaintemple
toutie_far,452,236,1,Off,True,p_map_main_mountaintemple
toutie_jin,112,66,1,Off,True,p_map_main_towerbridge
toutie_jinjing,1052,524,1,Off,True,p_map_main_towerbridge
toutie_yuanjing,364,182,1,Off,True,p_map_main_towerbridge
uvqiu,234,400,1,Off,True,eff_alpha_152_pose
uvqiu01,259,400,1,Off,True,eff_alpha_152_pose
uvshiziqu,84,64,1,Off,True,eff_buff_mabi,eff_uibuff_mabi,uibattlehreoprefab
uvshiziqu01,76,64,1,Off,True,eff_nyotengu_pose
uvxuan,84,80,1,Off,True,eff_alpha_152_uniqueskills
uvxuantong,150,240,1,Off,True,eff_helena_uniqueskills,eff_helena_uniqueskills_dlc_02
uvyuantong,88,126,1,Off,True,eff_addren_01,eff_alpha_152_uniqueskills
wall,120,60,1,Off,True,p_map_main_russia_maininterface
wall,1379,829,1,Off,True,p_map_main_towerbridge
wall02,1479,806,1,Off,True,p_map_main_russia_maininterface
wall02,352,274,1,Off,True,p_map_main_towerbridge
water,41,60,1,Off,True,p_map_main_cliff
water01,12,10,1,Off,True,p_map_main_castle
water01,62,52,1,Off,True,p_map_main_pool
water1,44,60,1,Off,True,p_map_main_mountain
xiaoqiu,22,20,1,High,True,eff_buff_liuxue,eff_buff_mabi,eff_uibuff_mabi,uibattlehreoprefab
xiezhu,45,64,1,Off,True,eff_alpha_152_minskill,eff_honoka_minskill,eff_momiji_pose
xin02_lvxi,92,84,1,Off,True,eff_marierose_pose,eff_marierose_uniqueskills
xin03_lvxi,42,40,1,Off,True,eff_marierose_pose,eff_marierose_uniqueskills
xin05_lv,156,140,1,Off,True,eff_marierose_uniqueskills
xin06_lv,148,140,1,Off,True,eff_marierose_uniqueskills
yuan06,303,264,1,Off,True,eff_ryuhayabusa_uniqueskills
yuan12,99,120,1,Off,True,eff_kasumib_uniqueskills
yuanj,3194,1816,1,Off,True,p_map_main_towerbridge
zawu ,10864,6363,1,Off,True,p_map_main_towerbridge
zhui,52,78,1,Off,True,eff_marierose_minskill_dlc01,eff_marierose_minskill_dlc02
